station;operation;date;libelle;Station;Continuite;riviere;annee;class;mois;cour;plat;prof;CPROF;PPROF;FPROF;Pmoy;Vitesse ;ombrage;FOSSE;SBERG;GRANUL;EMBAC;VEGEAQ;VEGRIV;Habit;Nbpassage;Temperature;lgsta;larg;surf;intensite;puissance;tension;Dist;typedist;Nbba;AXE;sumba;ncs;limsup;liminf;probcs;denscs;densdelury;nbang;biomdelury;biomangdelury;effdelury;pbiomdelury;biomangcs;zero;un;deux;trois;quatreplus;pzero;pun;pdeux;ptrois;pquatreplus
;;;ARCH-81-64;ARCH-64;1;ARCHES;1981;5;6;;;;;;;;;;1;1;1;1;1;1;;;;235;4;940;;;;64;[50-100[;5;;;;;;;;5.425531915;;830;441;100;0.531325301;;2.70E-16;0.069416962;0.956237821;1.739626514;2.660250617;4.97E-15;1.279449893;17.62477553;32.06370438;49.03207019
;;;ARCH-81-64;ARCH-64;1;ARCHES;1981;5;9;;;;;;;;;;1;1;1;1;1;1;;;;198;2.7;534.6;;;;64;[50-100[;5;;;;;;;;17;15.15;1946;1470;69;0.755395683;;1.32E-08;0.574764037;3.234770545;5.276075971;7.916089604;8.80E-10;0.03835592;0.215867021;0.352090136;0.528267046
;;;ARCH-81-82;ARCH-82;1;ARCHES;1981;5;6;;;;;;;;;;1;1;1;1;1;1;;;;170;1.5;255;;;;79;[50-100[;5;;;;;;;;4;3.529;1260;419;100;0.332539683;;8.50E-26;0.013025941;0.715132022;1.18229106;2.090017697;5.67E-27;0.000869264;0.047723144;0.078898223;0.139473848
;;;CANN-81-105;CANN-105;1;CANUTNORD;1981;5;9;;;;;;;;;;1;1;1;1;1;1;;;;170;6;1020;;;;103;>=100;4;;;;;;;;1.470588235;;716;345;80;0.481843575;;0.091334562;0.006178215;0.055151332;0.110525083;1.207399044;0.062107502;0.004201186;0.037502906;0.075157057;0.82103135
;;;CANN-81-105;CANN-105;1;CANUTNORD;1981;5;9;;;;;;;;;;1;1;1;1;1;1;;;;75;8;600;;;;103;>=100;4;;;;;;;;2;1.66;512;414;55;0.80859375;;1.43E-59;3.97E-07;0.066436415;0.262515916;1.679219961;7.11E-60;1.98E-07;0.033083019;0.130723776;0.836193007
;;;CANN-81-115;CANN-115;1;CANUTNORD;1981;4;7;;;;;;;;;;1;1;1;1;1;1;;;;65;5;325;;;;113;>=100;8;;;;;;;;1.846153846;;550;119;100;0.216363636;;0.314015133;0.282410801;0.324934806;0.350081894;0.574711213;0.17009153;0.152972517;0.176006353;0.189627692;0.311301907
;;;CANN-81-115;CANN-115;1;CANUTNORD;1981;4;9;;;;;;;;;;1;1;1;1;1;1;;;;80;6;480;;;;113;>=100;8;;;;;;;;0.416666667;;473;106;100;0.22410148;;1.79E-243;2.30E-35;2.42E-09;0.026348569;0.390318096;4.29E-243;5.53E-35;5.80E-09;0.063236565;0.93676343
;;;CANN-81-120;CANN-120;1;CANUTNORD;1981;4;7;;;;;;;;;;1;1;1;1;1;1;;;;150;3;450;;;;120;>=100;10;;;;;;;;2.222222222;;440;163;100;0.370454545;;5.42E-05;0.715132477;0.608077978;0.293637599;0.60531995;2.44E-05;0.321809614;0.27363509;0.132136919;0.272393977
;;;CANSa-81-65;CANSa-65;1;CANUTSUD;1981;5;7;;;;;;;;;;1;1;1;1;1;1;;;;43;4;172;;;;65;[50-100[;1;;;;;;;;4.069767442;;500;473;100;0.946;;1.25E-18;0.095912021;0.316010099;1.226269116;2.431576205;3.07E-19;0.023566954;0.077648196;0.30131184;0.59747301
;;;CANSa-81-65;CANSa-65;1;CANUTSUD;1981;5;9;;;;;;;;;;1;1;1;1;1;1;;;;112;5;560;;;;65;[50-100[;1;;;;;;;;22;12.14;2036;1746;30;0.857563851;;2.03E-08;0.288363265;3.802708464;7.365417889;10.54868805;9.24E-10;0.013104337;0.172809714;0.334712948;0.479373
;;;CANS-81-67;CANS-67;1;CANUTSUD;1981;4;7;;;;;;;;;;1;1;1;1;1;1;;;;120;4;480;;;;67;[50-100[;1;;;;;;;;31;26.04;2501;2404;63;0.961215514;;0.003187008;2.185989584;6.823541827;8.618766646;13.37049906;0.0001028;0.07051128;0.220100165;0.278006937;0.431278818
;;;CANS-81-67;CANS-67;1;CANUTSUD;1981;4;9;;;;;;;;;;1;1;1;1;1;1;;;;120;4;480;;;;67;[50-100[;1;;;;;;;;19;16.6;1398;966;42;0.690987124;;0.501943381;2.732724407;5.168679863;4.699416044;5.973541526;0.0263124;0.14325229;0.270947639;0.246348336;0.313139335
;;;CHEV-81-163;CHEV-163;1;CHEVRE;1981;5;7;;;;;;;;;;1;1;1;1;1;1;;;;130;7;910;;;;163;>=100;21;;;;;;;;1.868131868;;2835;806;100;0.284303351;;4.99E-107;5.27E-14;0.002197827;0.142790078;1.723528578;2.67E-107;2.82E-14;0.001176242;0.076418955;0.922404803
;;;CHEV-81-163;CHEV-163;1;CHEVRE;1981;5;9;;;;;;;;;;1;1;1;1;1;1;;;;170;7;1190;;;;163;>=100;21;;;;;;;;0.168067227;;279;149;100;0.534050179;;7.21E-244;9.29E-36;9.75E-10;0.010627994;0.157439232;4.29E-243;5.53E-35;5.80E-09;0.063236565;0.93676343
;;;CHEV-81-168;CHEV-168;0;CHEVRE;1981;5;7;;;;;;;;;;1;1;1;1;1;1;;;;120;4.2;504;;;;168;>=100;24;;;;;;;;5;4.16;2179;765;58;0.351078476;;0.021210558;0.398697959;0.634254254;1.1224067;2.831443349;0.004235324;0.079612008;0.126647889;0.22412217;0.565382608
;;;CHEV-81-168;CHEV-168;0;CHEVRE;1981;5;9;;;;;;;;;;1;1;1;1;1;1;;;;100;7;700;;;;168;>=100;24;;;;;;;;0.571428571;;370;185;100;0.5;;5.22E-92;9.84E-12;0.007333156;0.102720909;0.461574506;9.13E-92;1.72E-11;0.012828533;0.179698697;0.80747277
;;;CHEV-81-168;CHEV-168;0;CHEVRE;1981;5;9;;;;;;;;;;1;1;1;1;1;1;;;;120;4.5;540;;;;168;>=100;24;;;;;;;;0.37037037;;243;176;100;0.724279835;;5.31E-54;1.97E-06;0.067811551;0.065787771;0.236769075;1.43E-53;5.33E-06;0.183091188;0.177626981;0.639276501
;;;TREVb-81-22;TREVb-22;1;TREVELO;1981;4;7;;;;;;;;;;;;;;;;;;;;;315;;;;22;<50;1;;;;;;;;50;44.7;5004;2736;68;0.54676259;;1.854997384;5.635149697;12.42314567;14.48589691;15.67893257;0.037042071;0.112527176;0.248075309;0.289265976;0.313089466
;;;TREVa-81-22;TREVa-22;1;TREVELO;1981;4;7;;;;;;;;;;;;;;;;;;;;;220;;;;22;<50;1;;;;;;;;19;12.2;1442;843;37;0.584604716;;0.90982967;1.893526503;5.918057107;4.91608749;4.059965699;0.051410165;0.106994213;0.334401374;0.277784817;0.22940943
;;;TREV-81-24;TREV-24;1;TREVELO;1981;5;9;;;;;;;;;;;;;;;;;;;;;950;;;;22;<50;2;;;;;;;;14;8;2622;1200;31;0.457665904;;0.301830823;0.536911487;3.030944735;4.82496225;5.121140179;0.021846802;0.038862165;0.219382667;0.349235363;0.370673003
0435XXX1;124900001;36039;ARONa-98-82;ARONa-82;1;ARON;1998;1;9;0.47;0.53;0;0.15;0.35;0;0.256;;;;;;;3;3;2.555555556;2;-9;20;4.8;96;1.4;0.56;400;82;[50-100[;2;Vilaine;8.5;23;29.88084814;16.11915186;0.558823529;23.95833333;24;19;1729;683;                                       ;0.395026027;681.8142361;0.11275474;9.517997772;5.100599385;4.67910191;4.547879526;0.004706285;0.397272951;0.212894583;0.195301645;0.189824537
0435XXX2;124900002;36039;ARONb-98-82;ARONb-82;1;ARON;1998;4;9;0.26;0.36;0.38;0.05;0.1;0.35;0.182;;;2;3;4;2;2;4;2.777777778;2;-9;38;2.6;98.8;1.4;0.56;400;82;[50-100[;2;Vilaine;8.5;79;114.1831456;43.8168544;0.387596899;79.95951417;80;50;4131;3490;37;0.84483176;3488.233806;0.011254548;22.09731575;21.71031404;17.57178987;18.56883996;0.000140753;0.276356303;0.271516333;0.219758587;0.232228024
0435XXX3;124900003;36039;ARONc-98-82;ARONc-82;0;ARON;1998;5;9;0;0;0;0;0.2;0;0;;;5;5;5;4;5;3;4.333333333;2;-9;38;4.89;185.82;1.4;0.56;400;82;[50-100[;2;Vilaine;8.5;33;38.01556577;27.98443423;0.681818182;17.75912173;18;30;5009;1912;67;0.381712917;1886.413375;2.59E-12;1.410586938;3.921338269;4.637684794;7.78951173;1.46E-13;0.079428868;0.220806993;0.261143815;0.438620324
0435XXX4;124900004;36039;ARON-98-80;ARON-80;0;ARON;1998;2;9;0.62;0.38;0;0.05;0.2;0;0.107;;;2;4;3;2;3;2;2.555555556;2;-9;36;4;144;1.4;0.56;400;80;[50-100[;2;Vilaine;8.5;95;152.6047006;37.39529941;0.298780488;65.97222222;34.02777778;49;440;306;27;0.695454545;593.2653061;9.98895414;35.34272658;9.235540817;6.682368318;4.722632368;0.151411515;0.535721329;0.139991356;0.101290636;0.071585164
0435XXX5;124900005;36040;CANSa-98-65;CANSa-65;0;CANUTSUD;1998;1;9;0.26;0.63;0.11;0.15;0.2;0.5;0.22;;;1;1;3;1;1;3;1.666666667;2;-9;15;4.13;61.95;1.4;0.56;400;65;[50-100[;1;Vilaine;4;77;99.58468935;54.41531065;0.483050847;124.2937853;124;57;1750;1490;47;0.851428571;1493.530162;9.835128753;75.03743504;17.55747957;12.17931317;9.684428779;0.079128081;0.603710273;0.141257904;0.097988111;0.077915632
0435XXX6;124900006;36040;CANSb-98-65;CANSb-65;1;CANUTSUD;1998;1;9;0.42;0.58;0;0.2;0.15;0;0.171;;;1;1;4;5;4;3;3.333333333;2;-9;25;3.32;83;1.4;0.56;400;65;[50-100[;1;Vilaine;4;123;163.3949329;82.60506712;0.425641026;148.1927711;133;96;1276;1107;46;0.867554859;1233.454117;5.978256588;93.60311491;24.39218862;14.94993182;9.269279145;0.040341081;0.631630775;0.164597696;0.100881654;0.062548794
0435XXX7;124900007;36040;CANS-98-66;CANS-66;0;CANUTSUD;1998;4;9;0.5;0.5;0;0.12;0.07;0;0.095;;;1;2;2;1;2;3;1.888888889;2;-9;37;3.45;127.65;1.4;0.756;540;66;[50-100[;1;Vilaine;4;69;91.56558242;46.43441758;0.46728972;54.05405405;54;50;1200;1079;45;0.899166667;1080.08008;0.793544724;19.61846579;14.67109862;10.6206055;8.350339423;0.014680577;0.362941617;0.271415324;0.196481202;0.154481279
0435XXX8;124900008;36040;CANS-98-67;CANS-67;1;CANUTSUD;1998;4;9;0.1;0.84;0.06;0;0;0;0;;;1;3;4;1;1;3;2;2;-9;29;2.77;80.33;1.4;0.56;400;67;[50-100[;1;Vilaine;4;48;58.60514543;37.39485457;0.579710145;59.75351674;60;40;3161;2124;56;0.67193926;2115.274493;0.000721066;5.602421904;17.48731234;18.73066916;17.93239227;1.21E-05;0.093758865;0.292657458;0.313465553;0.300106056
0435XXX9;124900009;36047;CHEVb-98-165;CHEVb-165;1;CHEVRE;1998;5;9;0;1;0;0;0.4;0;0.4;;;2;2;3;1;2;2;1.888888889;2;-9;20;6.86;137.2;1.4;0.56;400;165;>=100;17;Vilaine;77;10;10;10;0.769230769;7.288629738;7.288629738;10;7286;1415;70;0.19420807;1415;6.54E-22;0.053648879;1.067384449;1.657912706;4.510704112;8.97E-23;0.007359596;0.146424647;0.227433782;0.618781975
0435XX10;124900010;36047;CHEVa-98-165;CHEVa-165;1;CHEVRE;1998;5;9;1;0;0;0.2;0;0;0.2;;;2;2;3;3;1;2;2.111111111;2;-9;19;5;95;1.4;0.56;400;165;>=100;17;Vilaine;77;26;34.06266908;17.93733092;0.538461538;27.36842105;27;21;5971;2580;50;0.432088427;2615.204678;0.008224578;3.362296678;6.86258865;6.190077504;10.94523364;0.000300513;0.122853148;0.250748431;0.226175909;0.399921998
0435XX11;124900011;36047;CHEV-98-163;CHEV-163;0;CHEVRE;1998;5;9;0.2;0.36;0.44;0.1;0.25;0.4;0.286;;;1;2;2;1;1;3;1.666666667;2;-9;27;5;135;1.4;0.56;400;163;>=100;16;Vilaine;74;13;20.59451556;5.405484435;0.409090909;9.62962963;10;9;4120;1384;31;0.33592233;1332.740741;1.56E-12;0.550565549;1.845338407;2.376516421;4.857209253;1.62E-13;0.057174115;0.191631296;0.24679209;0.504402499
0435XX12;124900012;36045;CANN-98-105;CANN-105;0;CANUTNORD;1998;5;9;0.3;0.7;0;0.15;0.35;0;0.29;;;2;3;2;1;2;2;1.888888889;2;-9;44;5.17;227.48;1.4;0.56;400;105;>=100;6;Vilaine;23;3;3;3;1;1.318797257;1.318797257;3;705;101;100;0.143262411;101;1.26E-53;5.56E-06;0.293046525;0.441576809;0.584168367;9.55E-54;4.21E-06;0.222207412;0.334832975;0.442955401
0435XX13;124900013;36045;CANN-98-110;CANN-110;1;CANUTNORD;1998;4;9;0.63;0.27;0;0.2;0.4;0;0.234;;;2;2;3;1;1;3;1.888888889;2;-9;33;5.46;180.18;1.4;0.56;400;110;>=100;8;Vilaine;30;24;38.38361692;9.616383082;0.365853659;13.32001332;8.325008325;15;1151;321;29;0.278887924;513.6;0.005599456;2.898420566;4.094702234;3.10343472;3.217856344;0.000420379;0.217598924;0.30740977;0.232990362;0.241580565
0435XX14;124900014;36045;CANN-98-115;CANN-115;1;CANUTNORD;1998;4;9;0.71;0.29;0;0.25;0.25;0;0.25;;;2;2;2;1;4;3;2.444444444;2;-9;24;3.94;94.56;1.4;0.56;400;115;>=100;9;Vilaine;34;15;17.41535268;12.58464732;0.7;15.86294416;16;14;1922;1045;67;0.543704475;1036.048541;3.31E-12;1.802208055;6.257775873;3.334884996;4.468075238;2.08E-13;0.113611196;0.394490191;0.21023115;0.281667463
0435XX15;124900015;36045;CANN-98-120;CANN-120;0;CANUTNORD;1998;4;9;0.3;0.7;0;0.2;0.4;0;0.34;;;1;2;2;1;2;2;1.666666667;2;-9;31;4.93;152.83;1.4;0.56;400;120;>=100;10;Vilaine;38;11;11;11;0.916666667;7.19753975;7.19753975;11;644;362;91;0.562111801;362;9.56E-13;0.647596696;2.048466237;2.160542001;2.340934817;1.33E-13;0.08997473;0.28460645;0.300177849;0.325240971
0435XX16;124900016;36046;CHEZa-98-135;CHEZa-135;1;CHEZE;1998;4;9;0.62;0.38;0;0.1;0.15;0;0.119;;;1;2;3;1;2;2;1.777777778;2;-9;33;2.62;86.46;1.4;0.56;400;135;>=100;11;Vilaine;51;24;29.17596486;18.82403514;0.617647059;27.75850104;28;21;1173;1033;58;0.880647911;1024.090413;3.36E-15;1.242154523;11.23589617;7.967297288;7.313153058;1.21E-16;0.044748617;0.40477316;0.287021885;0.263456339
0435XX17;124900017;36046;CHEZb-98-135;CHEZb-135;0;CHEZE;1998;5;9;0.15;0.77;0.08;0.1;0.5;1;0.48;;;2;2;2;3;2;3;2.444444444;2;-9;26;2.66;69.16;1.4;0.56;400;135;>=100;11;Vilaine;51;37;49.91251847;24.08748153;0.49122807;53.49913245;53;28;8076;4163;46;0.515477959;4202.205441;4.84E-15;0.900256153;13.79025844;15.95272827;22.85588959;9.05E-17;0.016827491;0.25776602;0.298186672;0.427219817
0435XX18;124900018;36046;CHEZ-98-134;CHEZ-134;1;CHEZE;1998;5;9;0.23;0.67;0;0.1;0.25;0;0.1905;;;1;2;2;1;2;2;1.666666667;2;-9;32;3.12;99.84;1.4;0.56;400;134;>=100;11;Vilaine;51;30;30;30;0.882352941;30.04807692;30.04807692;30;3498;3204;87;0.915951973;3204;8.55E-29;0.044510605;6.319455029;8.489781941;15.19432935;2.85E-30;0.001481313;0.210311463;0.282539943;0.505667281
0435XX19;124900019;36046;CHEZ-98-133;CHEZ-133;0;CHEZE;1998;5;9;0.06;0.94;0;0.1;0.2;0;0.194;;;1;2;2;2;1;2;1.666666667;2;-9;31;2.67;82.77;1.4;0.56;400;133;>=100;11;Vilaine;51;5;5;5;0.833333333;6.040836052;6.040836052;5;1327;484;80;0.364732479;484;1.08E-21;0.08992098;1.775874344;1.660080677;2.51496005;1.79E-22;0.014885519;0.293978239;0.274809755;0.416326487
0456XXX1;224900001;36067;ARCH-98-64;ARCH-64;1;ARCHES;1998;5;9;1;0;0;0.3;0;0;0.3;;;2;1;2;1;2;1;1.444444444;2;14.5;45;2.5;112.5;1.1;0.363;330;64;[50-100[;5;Oust;22.5;13;15.38496968;10.61503032;0.666666667;11.55555556;13;12;4807;684;62;0.14229249;608;4.97E-06;0.828298491;1.793752116;4.269807694;4.663692287;4.30E-07;0.071679677;0.155228549;0.369502589;0.403588756
0456XXX2;224900002;36067;ARCH-98-65;ARCH-65;0;ARCHES;1998;4;9;1;0;0;0.25;0;0;0.25;;;1;1;2;1;2;3;1.777777778;2;14.5;47;2.28;107.16;1.1;0.363;330;65;[50-100[;5;Oust;22.5;25;36.37553418;13.62446582;0.45;23.3296006;23;18;1718;917;40;0.533760186;930.1410325;0.008179336;4.390218184;7.525214187;5.740810929;5.665177961;0.000350599;0.188182312;0.322560781;0.24607412;0.242832188
0456XXX3;224900003;36067;ARCH-98-66;ARCH-66;1;ARCHES;1998;5;9;0.07;0.59;0.34;0.5;0.4;0.8;0.543;;;3;2;1;2;1;3;2;2;14.5;52;2.6;135.2;1.1;0.363;330;66;[50-100[;5;Oust;22.5;44;53.56207999;34.43792001;0.587301587;32.5443787;33;37;5187;1703;57;0.328320802;1679.487179;1.28E-12;1.285871859;8.633440252;10.36373704;12.26132954;3.95E-14;0.039511335;0.265282073;0.318449375;0.376757217
0456XXX4;224900004;36067;ARCH-98-82;ARCH-82;0;ARCHES;1998;;9;0.22;0.78;0;0.5;0.7;0;0.656;;;2;2;3;1;2;2;1.888888889;2;14.5;49;2.89;141.61;1.1;0.363;330;82;[50-100[;5;Oust;22.5;0;0;0;0;0;0;0;0;0;0;0;;0;0;0;0;0;0;0;0;0;0
0456XXX5;224900005;36069;ARZ-98-44;ARZ-44;0;ARZ;1998;2;10;1;0;0;0.25;0;0;0.25;;;1;1;3;1;4;1;1.888888889;2;15;12;9.5;114;1.1;0.363;330;46;<50;0;Aval;0;325;356.476196;293.523804;0.586956522;285.0877193;285;274;1447;1011;58;0.698686938;1011.311173;51.91828414;199.756897;13.4064452;12.84532878;7.160764214;0.182113366;0.700685731;0.047025685;0.045057461;0.025117758
0456XXX6;224900006;36069;ARZ-98-45;ARZ-45;1;ARZ;1998;1;10;1;0;0;0.3;0;0;0.3;;;1;1;3;1;4;1;1.888888889;2;15;15;6.97;104.55;1.1;0.363;330;47;<50;0;Aval;0;298;420.790495;175.209505;0.312871287;285.0310856;285;158;3728;2818;31;0.755901288;2818.307366;25.58705976;167.6001041;39.77894126;30.3664764;21.69850411;0.089769366;0.588006405;0.13956001;0.10653742;0.076126799
0456XXX7;224900007;36083;ARZ-98-46;ARZ-46;0;ARZ;1998;2;10;0.26;0.74;0;0.2;0.4;0;0.348;;;1;1;2;1;1;2;1.333333333;2;14.5;37;1.86;68.82;2.5;1.15;460;44;<50;0;Aval;0;59;102.2402925;15.75970746;0.266666667;85.73089218;41;28;1898;307;22;0.16174921;641.9361927;11.07654207;52.17601535;10.29226539;7.379346443;4.806722924;0.129201292;0.608602267;0.12005317;0.086075699;0.056067571
0456XXX8;224900008;36083;ARZ-98-47;ARZ-47;1;ARZ;1998;1;10;0.37;0.32;0.31;0.2;0.45;0.7;0.435;;;2;3;4;1;2;4;2.555555556;2;14.5;46;1.93;88.78;2.5;1.15;460;45;<50;0;Aval;0;117;163.14273;70.85726999;0.389473684;131.7864384;132;74;6025;3292;38;0.546390041;3286.673903;12.70373175;49.45836931;22.43637877;23.78847494;23.39948363;0.096396351;0.375291797;0.170248009;0.180507761;0.177556082
0456XXX9;224900009;36060;MARZ-98-13;MARZ-13;1;MARZAN;1998;5;9;0;1;0;0;0.5;0;0.5;;;1;1;1;2;1;4;1.888888889;2;16;31;3.02;93.62;2.5;1;400;13;<50;0;Aval;0;30;39.26060203;20.73939797;0.533333333;32.04443495;32;24;8809;1592;50;0.180724259;1594.210639;5.59E-10;1.352183336;7.948636307;11.12601517;11.61760014;1.74E-11;0.042197135;0.248050444;0.347205847;0.362546575
0456XX10;224900010;36083;ARZA-98-4;ARZA-4;1;ARZAL;1998;3;10;0.75;0.25;0;0.15;0.3;0;0.1875;;;1;3;4;3;2;4;2.888888889;2;15.5;68;1.73;117.64;2.9;0.9715;335;5;<50;0;Aval;0;226;262.717523;189.282477;0.517857143;192.1115267;192;176;3233;2368;51;0.732446644;2369.375496;39.86133361;77.68766157;30.71511064;24.83562612;19.01179475;0.207490588;0.404388341;0.159881664;0.129277126;0.09896228
0456XX11;224900011;36060;ARZA-98-5;ARZA-5;0;ARZAL;1998;1;9;0.25;0.55;0.2;0.05;0.2;0.45;0.2125;;;2;2;3;2;1;2;1.888888889;2;15.5;45;1.87;84.15;;;;4;<50;0;Aval;0;31;33.17974005;28.82025995;0.789473684;36.83897802;37;30;2397;705;77;0.294117647;701.9318784;4.863955497;12.24910318;7.859918395;6.359019424;5.506981517;0.132032856;0.332503882;0.213358753;0.172616608;0.149487902
0456XX12;224900012;36068;TREV-98-21;TREV-21;1;TREVELO;1998;4;9;0.45;0.41;0.14;0.1;0.2;0.45;0.19;;;1;3;3;1;2;2;1.888888889;2;14;61;2.58;157.38;2.8;0.924;330;21;<50;1;Aval;2;65;88.25540763;41.74459237;0.450980392;41.30130893;41;46;1732;802;43;0.463048499;807.8938967;1.319985022;13.57624997;12.30510809;8.126557602;5.97340825;0.031959884;0.328712342;0.297935063;0.196762713;0.144629999
0456XX13;224900013;36068;TREVb-98-22;TREVb-22;1;TREVELO;1998;1;9;0.1;0.26;0.64;0.1;0.18;0.35;0.2808;;;1;2;2;2;2;2;1.888888889;2;14.5;38;3.12;118.56;;;;22;<50;1;Aval;2;94;128.3346253;59.6653747;0.42;79.28475034;99;63;3973;612;48;0.154039768;490.1239112;6.76758151;33.23466132;18.05251077;11.74666417;9.484213515;0.085356973;0.419176347;0.227689563;0.14815628;0.119620836
0456XX14;224900014;36068;TREVc-98-22;TREVc-22;0;TREVELO;1998;1;9;0.39;0.28;0.03;0.1;0.2;0.4;0.107;;;3;3;2;2;1;2;2;2;14.5;32;2.98;95.36;;;;22;<50;1;Aval;2;46;61.04538907;30.95461093;0.5;48.23825503;39;35;4835;2035;40;0.420889349;2517.04741;5.012095277;19.26726991;10.44443241;7.728493288;5.785964148;0.103902914;0.399418882;0.216517625;0.160215026;0.119945552
0456XX15;224900015;36068;TREVa-98-22;TREVa-22;0;TREVELO;1998;1;9;0;0.89;0.11;0;0.3;0.65;0.3385;;;1;1;1;1;3;3;1.888888889;2;14.5;46;3.94;181.24;;;;22;<50;1;Aval;2;106;139.4433034;72.55669661;0.445783133;58.48598543;58;74;2047;1076;43;0.525647289;1085.015868;8.811437602;21.17562932;11.10428321;9.388452366;8.006182937;0.150658958;0.362063307;0.189862291;0.160524821;0.136890622
0456XX16;224900016;36060;TREV-98-22;TREV-22;1;TREVELO;1998;3;9;0.41;0.59;0;0.12;0.3;0;0.2262;;;2;3;2;2;2;2;2.111111111;2;13.5;41;2.9;118.9;;;240;22;<50;1;Aval;2;146;187.3774831;104.6225169;0.441048035;122.7922624;123;101;2535;1709;43;0.674161736;1706.11363;24.39952875;45.99832339;23.09440786;16.89705173;12.40295068;0.198705751;0.374602784;0.188077061;0.137606812;0.101007591
0456XX17;224900017;36060;TREV-98-23;TREV-23;0;TREVELO;1998;4;9;0.38;0.47;0.15;0.2;0.15;0.15;0.169;;;1;3;2;1;1;2;1.555555556;2;13.5;50;2.28;114;;;240;23;<50;1;Aval;2;75;80.08458727;69.91541273;0.755319149;65.78947368;66;65;1808;1427;75;0.789269912;1422.448166;6.42316384;16.32196534;19.26197458;13.43578908;10.34658084;0.09763209;0.248093873;0.292782014;0.204223994;0.157268029
0435XXX1;324900001;36410;ARONa-99-82;ARONa-82;1;ARON;1999;;9;0.75;0;0.25;0.2;0;0.3;0.225;;;3;1;3;1;3;2;2.111111111;2;-9;21;4.1;86.1;2;0.99;495;82;[50-100[;2;Vilaine;8.5;82;102.8043731;61.19562693;0.512195122;95.23809524;95.24;63;3323;1770.22;50;0.532717424;1770.184596;8.683694683;41.07446457;18.49858418;14.7103436;12.27100821;0.091178794;0.431281878;0.194235134;0.154458608;0.128845586
0435XXX2;324900002;36410;ARONb-99-82;ARONb-82;1;ARON;1999;1;9;0.69;0.31;0;0.2;0.1;0;0.169;;;2;1;3;2;2;2;2;2;-9;38;2.23;84.74;2.9;2.001;690;82;[50-100[;2;Vilaine;8.5;117;163.14273;70.85726999;0.389473684;138.0693887;138.07;74;4437;4084.24;38;0.920495831;4084.221918;6.809379531;53.8123049;25.6380636;25.58569788;26.22394282;0.049318532;0.389748266;0.185689702;0.185310431;0.18993307
0435XXX3;324900003;36410;ARONc-99-82;ARONc-82;0;ARON;1999;5;9;0;1;0;0;0.28;0;0.28;;;3;2;2;2;2;2;2.111111111;2;-9;35;4.58;160.3;3.6;2.394;665;82;[50-100[;2;Vilaine;8.5;93;169.1220279;16.87797213;0.211764706;58.01621959;22.45789145;36;7114;1709.3;17;0.240272702;4415.691667;0.010161902;2.689300846;10.13171112;19.16589067;26.01915505;0.000175156;0.046354293;0.174635838;0.330354008;0.448480705
0435XXX4;324900004;36410;ARON-99-80;ARON-80;0;ARON;1999;1;9;0.72;0.28;0;0.8;0.2;0;0.632;;;1;2;3;2;1;2;1.777777778;2;-9;36;3.91;140.76;1.9;0.9348;492;80;[50-100[;2;Vilaine;8.5;24;29.17596486;18.82403514;0.617647059;17.05029838;17.05;21;302;235.46;58;0.779668874;235.4641206;0.979238496;8.627821242;3.125372315;2.505287453;1.812578874;0.057432338;0.506021716;0.183303086;0.146935109;0.106307751
0435XXX5;324900005;36411;CANSa-99-65;CANSa-65;0;CANUTSUD;1999;1;9;0.53;0.17;0.3;0.1;0.2;0.35;0.192;;;2;2;4;2;1;2;2;2;-9;25;3.77;94.25;2;1;500;65;[50-100[;1;Vilaine;4;75;91.75582921;58.24417079;0.545454545;79.57559682;79.58;60;1533;1396.55;53;0.91099152;1396.472729;8.167926455;31.5250865;16.6269109;12.68254915;10.57312381;0.102643609;0.396165254;0.208944847;0.159377368;0.132868923
0435XXX6;324900006;36411;CANSb-99-65;CANSb-65;1;CANUTSUD;1999;1;9;0.72;0.28;0;0.15;0.18;0;0.1584;;;1;2;3;1;4;2;2.222222222;2;-9;26;3.01;78.26;2;1;500;65;[50-100[;1;Vilaine;4;249;318.3600606;179.6399394;0.403508772;318.1702019;318.17;161;5665;5448.42;40;0.961768756;5448.423457;13.31824177;147.6047207;69.1214554;48.71133345;39.41445057;0.041858859;0.463917488;0.217246791;0.153098352;0.12387851
0435XXX7;324900007;36411;CANS-99-66;CANS-66;0;CANUTSUD;1999;1;9;0.68;0.32;0;0.1;0.15;0;0.116;;;1;2;3;2;2;2;2;2;-9;35;3.68;128.8;2;1.02;510;66;[50-100[;1;Vilaine;4;173;235.434522;110.565478;0.379432624;134.3167702;134.32;107;1530;1443.59;37;0.943522876;1443.555288;6.920781711;73.54483829;25.54310112;16.55007888;11.75797019;0.05152582;0.547547698;0.190170603;0.123216772;0.087539108
0435XXX8;324900008;36411;CANS-99-67;CANS-67;1;CANUTSUD;1999;4;9;0.21;0.79;0;0.1;0.25;0;0.2185;;;2;2;4;2;1;4;2.444444444;2;-9;26;3.03;78.78;1.7;0.8381;493;67;[50-100[;1;Vilaine;4;74;81.23832678;66.76167322;0.708333333;93.93247017;93.93;68;4348;2421.52;74;0.556927323;2421.583681;2.568102631;18.2860215;32.17949252;22.71223864;18.18661488;0.027339882;0.194671996;0.342581138;0.241793265;0.193613719
0435XXX9;324900009;36439;CHEVb-99-165;CHEVb-165;1;CHEVRE;1999;5;10;0.06;0.46;0.48;0.12;0.5;0.18;0.3236;;;3;3;3;1;3;3;2.555555556;2;-9;25;8.27;206.75;2;1;500;165;>=100;17;Vilaine;74;10;10;10;0.833333333;4.836759371;4.84;10;12046;1143.89;80;0.094960153;1143.124107;1.04E-18;0.07981712;0.600840757;0.923725589;3.232714478;2.15E-19;0.016501035;0.124215131;0.190966898;0.668316936
0435XX10;324900010;36439;CHEVa-99-165;CHEVa-165;1;CHEVRE;1999;5;10;0.48;0.52;0;0.2;0.3;0;0.252;;;3;2;4;1;1;3;2.111111111;2;-9;14;7.21;100.94;2;1;500;165;>=100;17;Vilaine;74;3;3;3;0.75;2.972062611;2.972062611;3;1125;138.7;67;0.123288889;138.7;6.00E-48;5.27E-05;0.75181811;1.140169049;1.080022728;2.02E-48;1.77E-05;0.252961734;0.383628879;0.363391647
0435XX11;324900011;36439;CHEV-99-163;CHEV-163;0;CHEVRE;1999;5;10;0.14;0.86;0;0.15;0.4;0;0.365;;;1;2;1;2;1;2;1.555555556;2;-9;28;4.93;138.04;2;1;500;163;>=100;16;Vilaine;71;7;7;7;1;5.070993915;5.070993915;7;4655;901.91;100;0.193750806;901.91;9.80E-43;0.000321937;0.916854221;1.191580512;2.962237245;1.93E-43;6.35E-05;0.180803652;0.234979677;0.584153185
0435XX12;324900012;36412;CANN-99-105;CANN-105;0;CANUTNORD;1999;5;9;0.2;0.62;0.18;0.1;0.25;0.37;0.2416;;;2;4;2;2;1;3;2.222222222;1;-9;48;4.48;215.04;;;;105;>=100;6;Vilaine;20;0;0;0;0;0;3.255208333;7;1410.900298;192.0572917;0;0;0;;;;;;0;0.2;2;2.2;2.6
0435XX13;324900013;36412;CANN-99-110;CANN-110;1;CANUTNORD;1999;4;9;0.24;0.76;0;0.08;0.25;0;0.2092;;;3;2;4;1;1;3;2.111111111;2;-9;35;5.57;194.95;2;1;500;110;>=100;8;Vilaine;27;21;31.19989437;10.80010563;0.441176471;10.77199282;10.77;15;1082;359.07;38;0.331857671;359.1364402;1.82E-15;0.274762135;4.523711215;3.038912551;2.934606917;1.69E-16;0.025507085;0.419951191;0.282112382;0.272429342
0435XX14;324900014;36412;CANN-99-115;CANN-115;1;CANUTNORD;1999;4;9;0.44;0.47;0.09;0.13;0.2;0.22;0.171;;;2;2;3;1;2;2;1.888888889;2;-9;23;3.26;74.98;1.3;0.442;340;115;>=100;9;Vilaine;31;20;29.97667104;10.02332896;0.424242424;26.67377967;28.01;14;2590;1198.32;33;0.462671815;1141.154004;1.20E-07;5.587086486;9.078859249;5.491644891;6.516188929;4.49E-09;0.209459872;0.340366433;0.205881767;0.244291923
0435XX15;324900015;36412;CANN-99-120;CANN-120;0;CANUTNORD;1999;5;9;0.3;0.7;0;0.1;0.16;0;0.142;;;1;2;2;1;2;2;1.666666667;2;-9;30;4.87;146.1;1.5;0.75;500;120;>=100;10;Vilaine;35;4;4;4;1;2.737850787;2.737850787;4;554;298.43;100;0.53868231;298.43;1.46E-29;0.00671318;0.649961007;0.664690301;1.416486299;5.34E-30;0.002451989;0.237398258;0.242778132;0.517371621
0435XX16;324900016;36438;CHEZa-99-135;CHEZa-135;1;CHEZE;1999;4;10;0.6;0.4;0;0.12;0.18;0;0.144;;;1;2;3;1;4;4;2.666666667;2;-9;30;3.26;97.8;1.5;0.75;500;135;>=100;11;Vilaine;48;37;56.23067482;17.76932518;0.393442623;37.83231084;24.5398773;24;1483.640082;1285.448404;0;0.866415258;1981.732957;2.30E-12;1.586710687;16.66523817;10.90364942;8.676712557;6.08E-14;0.041940623;0.440502782;0.288209977;0.229346618
0435XX17;324900017;36438;CHEZb-99-135;CHEZb-135;0;CHEZE;1999;5;10;0.25;0.43;0.32;0.1;0.2;0.45;0.255;;;3;2;2;2;3;3;2.555555556;2;-9;30;2.79;83.7;;;;135;>=100;11;Vilaine;48;21;23.26837497;18.73162503;0.740740741;25.08960573;23.8948626;20;2873.357228;1251.66123;0;0.435609334;1314.244291;0.584586598;2.429167552;6.252835192;7.067822903;8.75519349;0.023299952;0.096819678;0.249220145;0.281703227;0.348956998
0435XX18;324900018;36438;CHEZ-99-134;CHEZ-134;1;CHEZE;1999;5;10;0;1;0;0;0.23;0;0.23;;;3;2;2;1;3;3;2.333333333;2;-9;32;3.84;122.88;;;;134;>=100;11;Vilaine;48;25;28.87605849;21.12394151;0.696969697;20.34505208;18.71744792;23;2617.1875;980.4577774;0;0.374622673;1065.714975;7.94E-22;0.073990364;2.889970252;5.988185673;11.39290579;3.90E-23;0.003636774;0.142047818;0.294331302;0.559984106
0435XX19;324900019;36438;CHEZ-99-133;CHEZ-133;0;CHEZE;1999;5;10;0.35;0.65;0;0.1;0.15;0;0.1325;;;1;2;2;1;1;2;1.444444444;2;-9;31;3.06;94.86;;;;133;>=100;11;Vilaine;48;11;11;11;0.785714286;11.59603626;11.59603626;11;1375.711575;607.4238322;0;0.441534289;607.4238322;1.54E-12;0.551973777;2.900549346;3.385182177;4.758330964;1.33E-13;0.047600211;0.250132828;0.291925801;0.410341159
0444XXX1;424900001;36447;DON-99-134;DON-134;2;DON;1999;4;10;1;;;0.34;;;0.34;;;4;1;4;1;1;2;2.222222222;2;-9;26;3.04;79.04;2;0.94;470;134;>=100;15;Don;52;91;110.7534892;71.24651082;0.537313433;115.1315789;115;72;14275;6666;53;0.466970228;6673.627002;0.152695735;23.04033941;41.05662483;23.33677739;27.54626092;0.001326259;0.20011986;0.356602646;0.20269461;0.239256626
0444XXX2;424900002;36447;DON-99-136;DON-136;2;DON;1999;5;10;0.3;0.7;;0.2;0.43;;0.361;;;1;1;2;3;1;2;1.555555556;2;-9;29;3.43;99.47;;;;136;>=100;16;Don;55;5;5;5;1;5.026641198;5;5;1429;517;100;0.361791463;519.7546999;1.47E-12;0.487847724;0.311100984;1.467997723;2.759694768;2.92E-13;0.097052426;0.06189043;0.292043467;0.549013677
0444XXX3;424900003;36447;DON-99-137;DON-137;2;DON;1999;5;10;0.6;0.3;10;0.19;0.22;0.43;4.48;;;1;2;1;1;1;1;1.111111111;2;-9;48;2.78;133.44;;;;137;>=100;16;Don;55;8;8;8;0.8;5.995203837;6;8;4336;957;75;0.220710332;956.235012;3.00E-38;0.000646408;0.43169466;1.429727839;4.133134929;5.01E-39;0.000107821;0.072006669;0.238478604;0.689406906
0444XXX4;424900004;36445;DON-99-108;DON-108;2;DON;1999;1;10;0.63;;0.27;0.16;;0.43;0.2169;;;2;2;3;1;1;1;1.555555556;2;-9;39;2.73;106.47;1.6;0.512;320;108;>=100;7;Don;21.5;13;20.59451556;5.405484435;0.409090909;12.21001221;12;9;967;343;31;0.354705274;349.002849;0.009533423;7.434023149;1.67350764;1.436918232;1.656029767;0.000780787;0.608846496;0.137060276;0.117683603;0.135628838
0444XXX5;424900005;36445;DON-99-109;DON-109;2;DON;1999;5;10;0.81;0.19;;0.3;0.3;;0.3;;;1;1;3;1;1;2;1.444444444;2;-9;37;2.16;79.92;1.6;0.512;320;109;>=100;7;Don;21.5;2;2;2;0.666666667;2.502502503;3;2;209;84;50;0.401913876;70.07007007;1.58E-33;0.003817139;0.703077837;0.660636412;1.134971115;6.33E-34;0.001525329;0.280949904;0.26399031;0.453534457
0444XXX6;424900006;36445;DON-99-107;DON-107;2;DON;1999;4;10;0.26;0.19;0.55;0.08;0.4;0.5;0.3718;;;1;2;2;1;2;2;1.666666667;2;-9;33;2.35;77.55;1.5;0.3375;225;107;>=100;7;Don;21.5;13;20.59451556;5.405484435;0.409090909;16.76337847;17;9;5740;246;31;0.042857143;242.5759472;0.000444845;4.279990394;7.047283028;3.32511774;2.110542458;2.65E-05;0.255317888;0.420397538;0.198356062;0.125901975
0444XXX7;424900007;36445;DON-99-104;DON-104;2;DON;1999;5;10;;1;;;0.38;;0.38;;;1;2;2;1;1;2;1.444444444;2;-9;36;4.79;172.44;1.8;0.5796;322;104;>=100;7;Don;21.5;5;5;5;1;2.899559267;3;5;1878;193;100;0.102768903;186.5383128;4.12E-59;1.18E-06;0.314850269;1.133506851;1.451200972;1.42E-59;4.05E-07;0.108585561;0.390923843;0.500490191
0444XXX8;424900008;36446;ISAC-99-61;ISAC-61;2;ISAC;1999;3;10;0.81;0.19;;0.17;0.34;;0.2023;;;2;2;2;1;2;3;2.111111111;2;-9;30;3.58;107.4;0.5;0.105;210;61;[50-100[;7;Don;23;5;5;5;0.833333333;4.655493482;5;5;1431;348;80;0.243186583;324.0223464;0.921851867;0.85272726;0.858417408;0.99888577;1.023611178;0.198013781;0.183165815;0.184388059;0.214560663;0.219871681
0444XXX9;424900009;36446;ISAC-99-62;ISAC-62;2;ISAC;1999;5;10;0.25;0.75;;0.9;0.35;;0.4875;;;2;1;2;1;2;4;2.222222222;2;-9;25;3.65;91.25;;;;62;[50-100[;7;Don;23;2;2;2;1;2.191780822;2;2;4691;393;100;0.083777446;430.6849315;3.26E-140;6.62E-19;0.000238094;0.402615106;1.788927621;1.49E-140;3.02E-19;0.000108631;0.183693142;0.816198227
0444XX10;424900010;36446;ISAC-99-65;ISAC-65;2;ISAC;1999;5;10;0.68;0.32;;0.17;0.32;;0.218;;;2;3;3;2;1;2;2;2;-9;72;1.37;98.64;1.5;0.4725;315;65;[50-100[;7;Don;23;6;6;6;0.75;6.082725061;6;6;2487;692;67;0.278246884;701.540957;9.10E-22;0.074568549;0.791488729;1.733950167;3.482717616;1.50E-22;0.01225907;0.130120747;0.285061407;0.572558776
0456XXX1;524900001;36440;ARCH-99-64;ARCH-64;1;ARCHES;1999;4;10;0.49;0.51;0;0.27;0.38;0;0.3261;;;1;1;1;1;2;2;1.444444444;2;-9;41;3.09;126.69;;;;64;[50-100[;6;Oust;25.5;27;33.44575189;20.55424811;0.58974359;21.3118636;21;23;3181;1103;56;0.346746306;1119.380265;0.011911698;5.698627168;4.003478907;5.146285318;6.451560513;0.000558923;0.26739225;0.187852127;0.241475143;0.302721556
0456XXX2;524900002;36440;ARCH-99-65;ARCH-65;0;ARCHES;1999;4;10;0.93;0.07;0;0.37;0.55;0;0.3826;;;2;1;4;2;2;2;2.111111111;2;-9;51;2.5;127.5;1.1;0.3575;325;65;[50-100[;6;Oust;25.5;25;27.15727749;22.84272251;0.75;19.60784314;20;24;2055;830;72;0.403892944;813.7254902;0.005151705;3.177691666;5.03390241;5.557338947;5.833758409;0.000262737;0.162062275;0.256729023;0.283424286;0.297521679
0456XXX3;524900003;36440;ARCH-99-66;ARCH-66;1;ARCHES;1999;4;10;0.3;0.7;0;0.35;0.45;0;0.42;;;2;2;2;2;1;3;2;2;-9;53;2.95;156.35;1.3;0.416;320;66;[50-100[;6;Oust;25.5;39;42.49674937;35.50325063;0.755102041;24.94403582;25;37;5466;1232;74;0.225393341;1229.242085;0.05995794;4.173074498;6.864093118;6.305091298;7.541818963;0.002403698;0.167297487;0.275179733;0.252769493;0.302349588
0456XXX4;524900004;36440;ARCH-99-82;ARCH-82;0;ARCHES;1999;4;10;0.75;0.25;0;0.24;0.25;0;0.2425;;;3;1;3;1;2;2;1.888888889;2;-9;49;3.48;170.52;;;;82;[50-100[;6;Oust;25.5;13;13;13;0.8125;7.623739151;7.623739151;13;1110;182;77;0.163963964;182;6.05E-06;1.732939799;2.509597159;1.862229016;1.518967127;7.94E-07;0.22730838;0.329181929;0.244267147;0.19924175
0456XXX5;524900005;36417;ARZ-99-44;ARZ-44;0;ARZ;1999;1;9;1;0;0;0.18;0;0;0.18;;;1;1;3;1;4;2;2.111111111;2;-9;18;8.11;145.98;0.9;0.2925;325;46;<50;0;Aval;0;170;184.8503881;155.1496119;0.662280702;116.4543088;116;151;1983;1436;66;0.72415532;1441.62403;17.53508796;51.77844023;20.24018295;15.29710137;11.6034963;0.150574832;0.444624512;0.173803642;0.131357109;0.099639905
0456XXX6;524900006;36417;ARZ-99-45;ARZ-45;1;ARZ;1999;2;9;1;0;0;0.2;0;0;0.2;;;1;1;3;1;4;2;2.111111111;2;-9;14;9.05;126.7;;;;47;<50;0;Aval;0;399;464.4184537;333.5815463;0.466557912;314.9171271;315;286;1683;1318;46;0.783125371;1317.653249;63.49561965;209.0248205;16.83089378;15.91534395;9.650449157;0.201626441;0.663745483;0.05344547;0.050538197;0.030644409
0456XXX7;524900007;36418;ARZ-99-46;ARZ-46;0;ARZ;1999;1;9;0;1;0;0;0.3;0;0.3;;;1;1;1;2;1;2;1.444444444;2;-9;38;1.72;65.36;;;;44;<50;0;Aval;0;7;7;7;1;10.70991432;10.70991432;7;777;121;100;0.155727156;121;0.145727505;5.549024353;2.439263096;1.548021051;1.027878315;0.013606785;0.518120331;0.22775748;0.144540937;0.095974467
0456XXX8;524900008;36418;ARZ-99-47;ARZ-47;1;ARZ;1999;4;9;0.43;0.29;0.28;0.18;0.25;0.5;0.2899;;;2;3;4;1;4;4;3;2;-9;56;1.76;98.56;1;0.45;450;45;<50;0;Aval;0;75;109.6337762;40.36622384;0.382113821;76.09577922;76;47;5733;4107;36;0.716378859;4112.175859;2.400324024;23.3050975;13.43350825;16.49275776;20.46409169;0.031543458;0.306260055;0.17653421;0.216736827;0.26892545
0456XXX9;524900009;36418;MARZ-99-13;MARZ-13;1;MARZAN;1999;4;9;0;1;0;0;0.4;0;0.4;;;2;2;1;3;1;4;2.333333333;2;-9;55;3.41;187.55;2.4;1.104;460;13;<50;0;Aval;0;132;178.0243322;85.97566784;0.405660377;70.38123167;70;86;8632;2481;39;0.287418906;2494.51194;3.535199602;17.33284965;13.57934544;17.4905259;18.44331107;0.050229294;0.246270905;0.192939866;0.248511222;0.262048712
0456XX10;524900010;36473;ARZA-99-4;ARZA-4;1;ARZAL;1999;3;11;0.74;0.26;0;0.18;0.25;0;0.1982;;;2;3;4;3;2;4;3;2;-9;71;1.84;130.64;;;;5;<50;0;Aval;0;194;260.8647273;127.1352727;0.379746835;148.4996938;148;120;1370;1009;37;0.73649635;1012.406696;69.27840875;42.63650633;18.62740534;10.94444193;7.012931464;0.466522233;0.287115113;0.125437332;0.073700098;0.047225225
0456XX11;524900011;36473;ARZA-99-5;ARZA-5;0;ARZAL;1999;4;11;0.38;0.62;0;0.23;0.36;0;0.3106;;;2;2;2;2;1;2;1.777777778;2;-9;44;2.92;128.48;;;;4;<50;0;Aval;0;33;44.88244419;21.11755581;0.490196078;25.68493151;26;25;3040;1773;45;0.583223684;1751.514752;3.933686204;4.6218076;6.345341775;4.322090263;6.462005665;0.153151516;0.179942376;0.247045306;0.168273381;0.251587421
0456XX12;524900012;36418;TREV-99-21;TREV-21;1;TREVELO;1999;1;9;0.46;0.39;0.15;0.08;0.14;0.3;0.1364;;;3;3;4;2;2;2;2.444444444;2;-9;64;2.3;147.2;0.2;0.063;315;21;<50;1;Aval;2;83;95.70019693;70.29980307;0.612068966;56.38586957;56;71;1722;1123;60;0.652148664;1130.738063;2.665826375;20.00651273;13.90915505;11.05662214;8.747753276;0.04727827;0.354814298;0.246678027;0.196088528;0.155140877
0456XX13;524900013;36441;TREVb-99-22;TREVb-22;1;TREVELO;1999;2;10;0.18;0.82;0;0.15;0.24;0;0.2238;;;4;2;2;1;1;2;1.777777778;2;-9;38;3.25;123.5;;;;22;<50;1;Aval;2;87;104.7410115;69.2589885;0.551181102;70.44534413;75;70;3210;713;39;0.22211838;669.7004049;12.62500441;36.47413495;6.418650209;7.729198585;7.19835597;0.179217017;0.517765019;0.091115322;0.109719083;0.102183559
0456XX14;524900014;36441;TREVc-99-22;TREVc-22;0;TREVELO;1999;1;10;0.45;0.23;0.32;0.11;0.2;0.4;0.2235;;;3;3;3;3;1;2;2.333333333;2;-9;32;3.64;116.48;;;;22;<50;1;Aval;2;41;59.59252511;22.40747489;0.424242424;35.19917582;33;28;2008;1277;54;0.635956175;1362.10144;3.662739906;12.2628134;6.716289543;6.558532944;5.998800026;0.104057547;0.348383538;0.190808148;0.186326321;0.170424446
0456XX15;524900015;36441;TREVa-99-22;TREVa-22;0;TREVELO;1999;1;10;0;0.87;0.13;0;0.34;0.64;0.379;;;1;2;1;2;1;4;2;2;-9;46;4.08;187.68;;;;22;<50;1;Aval;2;64;70.42743359;57.57256641;0.710843373;34.10059676;34;59;2189;615;70;0.280950206;616.8196179;2.876033043;12.66592324;7.591751042;5.77329092;5.193598513;0.084339669;0.371428199;0.222628099;0.169301756;0.152302276
0456XX16;524900016;36455;TREV-99-22;TREV-22;1;TREVELO;1999;1;10;0.54;0.46;0;0.15;0.27;0;0.2052;;;2;3;2;2;2;2;2.111111111;2;-9;46;2.99;137.54;;;;22;<50;1;Aval;2;73;83.1740709;62.8259291;0.64;53.07546895;53;64;1525;912;63;0.598032787;913.2986356;6.514777005;19.9360527;11.28979604;8.621890103;6.7129531;0.122745538;0.375617081;0.21271213;0.162445858;0.126479393
0456XX17;524900017;36473;TREV-99-23;TREV-23;0;TREVELO;1999;4;11;0.39;0.46;0.14;0.24;0.33;0.42;0.3042;;;2;3;3;1;2;3;2.222222222;2;-9;66;3.07;202.62;2.1;0.945;450;23;<50;1;Aval;2;65;89.63834274;40.36165726;0.436893204;32.07975521;32;45;1583;1146;42;0.723941883;1148.856233;1.123752352;5.289932904;8.757416633;8.895423051;8.013230267;0.035029954;0.164899416;0.272988886;0.277290864;0.24979088
0456XXX6;624900001;30-Aug-00;ARZ-00-45;ARZ-45;1;ARZ;2000;3;8;1;0;0;0.25;0;0;0.25;;;1;2;1;1;4;3;2.222222222;2;19.5;17;8.21;139.57;1;0.33;330;47;<50;0;Aval;0;158;168.777297;147.222703;0.707317073;113.2048434;129;144;1981;1011;48;0.510348309;887.2100521;25.76340909;52.56433176;16.50823264;11.01097179;7.357898163;0.227582216;0.464329353;0.145826204;0.097265907;0.064996319
0456XXX5;624900002;30-Aug-00;ARZ-00-44;ARZ-44;0;ARZ;2000;2;8;1;0;0;0.1;0;0;0.1;;;1;2;3;1;4;2;2.222222222;2;19.5;15;8.74;131.1;0.6;0.195;325;46;<50;0;Aval;0;169;205.2546749;132.7453251;0.486381323;128.9092296;113;125;1169;713;70;0.609923011;813.3830151;28.84955577;74.81891242;12.06844583;8.257613839;4.914701732;0.223797442;0.580399966;0.093619719;0.064057584;0.03812529
0456XXX9;624900003;31-Aug-00;MARZ-00-13;MARZ-13;1;MARZAN;2000;4;8;0;1;0;0;0.55;0;0.55;;;2;1;1;2;2;4;2.222222222;2;-9;43;3.27;140.61;2.8;1.3832;494;13;<50;0;Aval;0;70;99.74209197;40.25790803;0.407079646;49.78308797;50;46;1961;1149;39;0.585925548;1144.015362;5.347432725;9.401918676;11.90318343;12.39296923;10.73758392;0.107414645;0.188857684;0.239100946;0.248939343;0.215687382
0456XX12;624900004;01-sept-00;TREV-00-21;TREV-21;1;TREVELO;2000;1;9;0.39;0.5;0.11;0.05;0.15;0.3;0.1275;;;2;2;4;2;1;3;2.222222222;2;16;62;2.58;159.96;0.6;0.2;330;21;<50;1;Aval;2;64;70.42743359;57.57256641;0.710843373;40.0100025;40;59;1514;780;70;0.515191546;780.1950488;5.33634332;13.62552737;8.335686906;7.022179266;5.690265637;0.133375231;0.340553025;0.208340075;0.175510593;0.142221077
0456XX13;624900005;01-sept-00;TREVb-00-22;TREVb-22;1;TREVELO;2000;3;9;0.35;0.37;0.28;0.05;0.16;0.35;0.1747;;;3;3;2;3;1;2;2.222222222;2;16;38;2.88;109.44;1.1;0.4;340;22;<50;1;Aval;2;350;715.2054466;-15.20544661;0.086764706;319.8099415;46;59;1745;1016;84;0.582234957;7063.628274;65.05278517;140.2393855;40.91119282;40.45503074;33.15154728;0.203410766;0.438508524;0.127923455;0.126497102;0.103660152
0456XX14;624900006;01-sept-00;TREVc-00-22;TREVc-22;0;TREVELO;2000;3;9;0.42;0;0.58;0.07;0;0.32;0.215;;;3;3;3;2;1;3;2.333333333;2;16;30;3.27;98.1;0.8;0.3;330;22;<50;1;Aval;2;50;52.12216048;47.87783952;0.844827586;50.96839959;60;49;3705;853;59;0.23022942;724.6007475;9.43286883;15.37274675;7.80558775;9.737900778;8.619295482;0.185072886;0.301613291;0.153145632;0.191057613;0.169110577
0456XX15;624900007;01-sept-00;TREVa-00-22;TREVa-22;0;TREVELO;2000;1;9;0;0.79;0.21;0;0.3;0.65;0.3735;;;2;2;1;1;2;3;1.888888889;2;17.5;47;3.48;163.56;1.3;0.4;342;22;<50;1;Aval;2;63;73.86901293;52.13098707;0.613636364;38.51797506;39;53;2967;916;60;0.308729356;904.6785936;4.364597654;12.92923644;9.561842991;6.268708634;5.393589332;0.113313269;0.335667605;0.248243657;0.162747617;0.140027853
0456XX16;624900008;31-Aug-00;TREV-00-22;TREV-22;1;TREVELO;2000;1;8;0.55;0.45;0;0.1;0.3;0;0.19;;;2;4;3;1;1;4;2.333333333;2;14.5;40;3.42;136.8;0.7;0;330;22;<50;1;Aval;2;109;124.1606857;93.83931435;0.611842105;79.67836257;80;93;1733;1010;61;0.582804385;1005.939327;10.90184869;33.33696083;16.8758535;10.90563021;7.658069334;0.136823202;0.418394151;0.211799703;0.136870662;0.096112283
0456XX17;624900009;31-Aug-00;TREV-00-23;TREV-23;0;TREVELO;2000;1;8;0.54;0.33;0.13;0.15;0.25;0.32;0.2051;;;3;3;3;1;1;4;2.333333333;2;14.5;57;2.45;139.65;0.7;0.2;327;23;<50;1;Aval;2;71;85.59284;56.40716;0.563106796;50.84138919;51;58;1863;1344;55;0.721417069;1339.820139;4.557472557;16.13405529;11.35179167;9.999421532;8.798648146;0.089640992;0.317340961;0.22327855;0.196678763;0.173060734
0456XXX2;624900010;25-sept-00;ARCH-00-65;ARCH-65;0;ARCHES;2000;4;9;0.55;0.34;0.11;0.24;0.29;0.4;0.2746;;;3;1;3;1;3;3;2.333333333;2;13.8;52;2.14;111.28;1.1;0.4;349;65;[50-100[;6;Oust;25.5;35;39.70084285;30.29915715;0.680851064;31.45219267;31;32;1714;1381;17;0.80571762;1401.144454;0.000484694;7.642557133;8.82311162;6.781268279;8.204770942;1.54E-05;0.242989645;0.280524532;0.215605581;0.260864832
0456XXX1;624900011;25-sept-00;ARCH-00-64;ARCH-64;1;ARCHES;2000;4;9;0.32;0.53;0.15;0.12;0.29;0.7;0.2971;;;3;1;3;1;3;3;2.333333333;2;15.8;47;2.87;134.89;0.9;0;348;64;[50-100[;6;Oust;25.5;87;158.6103504;15.38964963;0.213836478;64.49699755;26;34;4124;1287;66;0.312075655;3192.601379;0.00046308;16.76730051;19.99962467;14.575463;13.15414629;7.18E-06;0.259970249;0.310086135;0.22598669;0.203949746
0456XXX3;624900012;25-sept-00;ARCH-00-66;ARCH-66;1;ARCHES;2000;5;9;0.09;0.27;0.64;0.1;0.35;0.2;0.2315;;;3;2;2;2;2;4;2.555555556;2;15.8;59;2.45;144.55;1.2;0;355;66;[50-100[;6;Oust;25.5;37;49.91251847;24.08748153;0.49122807;25.59667935;26;28;3760;2190;46;0.582446809;2156.027991;3.92E-18;0.393563499;5.929197586;7.456902861;11.8170154;1.53E-19;0.015375569;0.231639327;0.291323056;0.461662048
0456XXX7;624900013;26-sept-00;ARZ-00-46;ARZ-46;0;ARZ;2000;2;9;0.45;0.55;0;0.05;0.2;0;0.1325;;;1;1;1;1;1;2;1.222222222;2;15;37;1.97;72.89;1.5;0.5;355;44;<50;0;Aval;0;15;15;15;0.833333333;20.57895459;15;17;388;85;80;0.219072165;116.614076;4.153052901;13.43911861;1.355256717;1.042352985;0.589173371;0.201810684;0.653051571;0.065856441;0.050651406;0.028629898
0456XXX8;624900014;29-Aug-00;ARZ-00-47;ARZ-47;1;ARZ;2000;1;8;0.27;0.34;0.39;0.1;0.2;0.3;0.212;;;3;2;4;2;1;4;2.555555556;2;15;46;2.09;96.14;0.9;0.3;345;45;<50;0;Aval;0;149;208.937731;89.06226904;0.367346939;154.9823175;155;90;6552;3584;36;0.547008547;3583.591134;21.61191757;70.10288084;21.97846524;21.29431125;19.99474256;0.139447635;0.452328253;0.141812728;0.137398328;0.129013057
0456XX10;624900015;26-sept-00;ARZA-00-4;ARZA-4;1;ARZAL;2000;3;9;0.59;0.2;0.21;0.35;0.15;0.05;0.247;;;2;2;3;1;3;3;2.333333333;2;-9;71;1.5;106.5;0.6;0.2;340;5;<50;0;Aval;0;150;163.3712769;136.6287231;0.67;140.8450704;141;137;3296;2618;67;0.794296117;2615.123364;35.31373725;36.73416932;28.98652767;21.97222394;17.83841224;0.250727534;0.260812602;0.205804346;0.15600279;0.126652727
0456XX11;624900016;26-sept-00;ARZA-00-5;ARZA-5;0;ARZAL;2000;4;9;0.32;0.68;0;0.05;0.15;0;0.118;;;1;1;3;2;1;2;1.666666667;2;16.2;48;1.98;95.04;1.4;0.5;345;4;<50;0;Aval;0;45;61.38096598;28.61903402;0.471428571;47.34848485;45;33;1579;1210;44;0.76630779;1273.148148;2.683653161;8.574531583;16.47768968;11.14278187;8.469828559;0.056678755;0.181094107;0.348008806;0.235335553;0.178882779
0456XXX4;624900017;25-sept-00;ARCH-00-82;ARCH-82;0;ARCHES;2000;;9;0.2;0.75;0.05;0.1;0.2;0.7;0.205;;;3;1;3;1;2;2;1.888888889;2;15.7;49;2.89;141.61;0.7;0.2;343;82;[50-100[;6;Oust;25.5;0;0;0;0;0;0;0;0;0;0;0;;0;0;0;0;0;0;0;0;0;0
0435XXX1;724900001;12-sept-00;ARONa-00-82;ARONa-82;1;ARON;2000;2;9;0.43;0.3;0.27;0.1;0.15;0.25;0.1555;;;2;2;4;1;2;2;2;2;18.2;24;4.61;110.64;1;0.4;416;82;[50-100[;2;Vilaine;8.5;131;153.7532511;108.2467489;0.54973822;118.4020246;118;105;1541;816;54;0.529526282;818.7801022;16.49343321;80.68863964;7.22455463;8.249754527;5.745642571;0.139300263;0.681480236;0.061017155;0.069675789;0.048526557
0435XXX2;724900002;12-sept-00;ARONb-00-82;ARONb-82;1;ARON;2000;1;9;0.31;0.69;0;0.12;0.2;0;0.1752;;;1;1;4;2;1;4;2.222222222;2;18.5;37;3.43;126.91;1.4;0.6;400;82;[50-100[;2;Vilaine;8.5;108;123.103839;92.89616103;0.609271523;85.09967694;85;92;3245;3123;60;0.962403698;3126.662248;3.874796548;41.5436201;10.63620071;13.30363245;15.74142712;0.045532447;0.488176003;0.124985207;0.156329999;0.184976344
0435XXX3;724900003;12-sept-00;ARONc-00-82;ARONc-82;0;ARON;2000;4;9;0.1;0.9;0;0.28;0.35;0;0.343;;;1;1;2;1;1;2;1.333333333;2;18.5;32;4.34;138.88;2.3;1;430;82;[50-100[;2;Vilaine;8.5;29;33.90549661;24.09450339;0.65;20.88133641;21;26;3346;849;62;0.253735804;844.2026004;0.00077538;5.181725591;3.701033595;5.7943618;6.203440039;3.71E-05;0.248151052;0.177241223;0.277489989;0.297080604
0435XXX4;724900004;12-sept-00;ARON-00-80;ARON-80;0;ARON;2000;2;9;0.63;0.37;0;0.07;0.15;0;0.0996;;;1;2;3;2;2;2;2;2;17.7;34;4.3;146.2;1.6;0.8;495;80;[50-100[;2;Vilaine;8.5;110;175.7639503;44.23604974;0.294736842;75.23939808;38;56;845;364;27;0.430769231;720.7142343;11.21771169;42.99371271;8.534090552;7.03397476;5.459908376;0.149093586;0.571425527;0.113425822;0.093487919;0.072567146
0435XXX5;724900005;13-sept-00;CANSa-00-65;CANSa-65;0;CANUTSUD;2000;1;9;0.63;0.17;0.2;0.07;0.15;0.3;0.1296;;;3;1;2;1;1;3;1.777777778;2;16;21;3.17;66.57;0.6;0.2;340;65;[50-100[;1;Vilaine;4;73;81.11289765;64.88710235;0.680412371;109.6590056;110;66;1945;1735;67;0.892030848;1729.621588;4.931403624;56.08940668;22.81298378;14.29463765;11.53057383;0.044970348;0.511489288;0.208035662;0.130355346;0.105149356
0435XXX6;724900006;13-sept-00;CANSb-00-65;CANSb-65;1;CANUTSUD;2000;1;9;0.57;0.43;0;0.17;0.1;0;0.1399;;;1;1;3;1;4;2;2.111111111;2;16;26;3.23;83.98;1.1;0.4;345;65;[50-100[;1;Vilaine;4;186;198.2653611;173.7346389;0.702479339;221.4813051;221;170;2393;2140;70;0.894274969;2144.660601;10.28447786;120.7909524;47.52781644;26.04369535;16.83436305;0.04643497;0.545377644;0.214590647;0.117588685;0.076008054
0435XXX7;724900007;13-sept-00;CANS-00-66;CANS-66;0;CANUTSUD;2000;1;9;0.51;0.49;0;0.1;0.2;0;0.149;;;1;2;3;2;1;4;2.222222222;2;16;35;4.16;145.6;0.9;5.3;340;66;[50-100[;1;Vilaine;4;75;79.08088108;70.91911892;0.782608696;51.51098901;52;72;854;808;77;0.946135831;800.4015216;2.035807436;19.52508681;14.41938934;9.041205177;6.489500249;0.039521808;0.379047019;0.279928412;0.17551993;0.125982831
0435XXX8;724900008;13-sept-00;CANS-00-67;CANS-67;1;CANUTSUD;2000;1;9;0.23;0.77;0;0.1;0.2;0;0.177;;;1;2;3;2;1;4;2.222222222;2;18.7;27;3;81;1.5;0.7;493;67;[50-100[;1;Vilaine;4;78;99.45797724;56.54202276;0.5;96.2962963;96;59;1629;1399;49;0.858809085;1403.317901;1.843527799;39.98112967;26.84325693;16.27013685;11.35824504;0.019144327;0.415188654;0.278756899;0.168959113;0.117951006
0435XXX9;724900009;31-oct-00;CHEVb-00-165;CHEVb-165;1;CHEVRE;2000;5;10;0.47;0.31;0.22;0.25;0.4;0.7;0.3955;;;3;3;3;1;3;3;2.555555556;2;14.7;35;3.19;111.65;;0.1;;165;>=100;17;Vilaine;59;12;12;12;0.923076923;10.74787282;11;12;11306;1998;92;0.176720325;1952.204535;5.63E-08;0.684659044;1.905125905;2.235476647;5.923238124;5.23E-09;0.063698103;0.17724575;0.207980341;0.551075801
0435XX10;724900010;31-oct-00;CHEVa-00-165;CHEVa-165;1;CHEVRE;2000;4;10;0.12;0.88;0;0.1;0.4;0;0.364;;;3;2;3;1;1;3;2;2;-9;33;4.56;150.48;1.2;0.4;355;165;>=100;17;Vilaine;59;17;19.44256085;14.55743915;0.727272727;11.29718235;11;16;6739;685;71;0.101647129;703.5063554;0.000168588;1.033618367;3.709998996;2.789902362;3.763494038;1.49E-05;0.091493466;0.328400382;0.246955593;0.333135637
0435XX11;724900011;31-oct-00;CHEV-00-163;CHEV-163;0;CHEVRE;2000;5;10;0.17;0.83;0;0.15;0.5;0;0.4405;;;1;1;2;1;1;2;1.333333333;2;15.2;27;5.28;142.56;1.3;0.5;350;163;>=100;16;Vilaine;56;7;7;7;0.875;4.910213244;5;7;3131;670;86;0.213989141;657.9685746;6.29E-22;0.052201821;1.104152945;1.570523098;2.183335379;1.28E-22;0.010631274;0.224868634;0.319848247;0.444651845
0435XX12;724900012;14-sept-00;CANN-00-105;CANN-105;0;CANUTNORD;2000;1;9;0.15;0.85;0;0.1;0.25;0;0.2275;;;2;2;2;1;1;3;1.777777778;2;17;48;4.73;227.04;2.2;1.1;497;105;>=100;6;Vilaine;8;34;36.09317071;31.90682929;0.785714286;14.97533474;15;33;1813;209;76;0.115278544;208.6563307;0.09006637;9.111429979;2.565009063;1.766660932;1.442168399;0.006014314;0.608429136;0.171282252;0.117971382;0.096302916
0435XX13;724900013;14-sept-00;CANN-00-110;CANN-110;1;CANUTNORD;2000;4;9;0.34;0.66;0;0.15;0.3;0;0.249;;;2;2;3;1;1;3;1.888888889;2;16.2;33;6.13;202.29;2.1;5;495;110;>=100;8;Vilaine;16;33;36.44508265;29.55491735;0.720930233;16.3132137;16;31;1458;610;70;0.418381344;621.9412724;8.21E-06;3.91016346;4.820581012;3.326393329;4.256067694;5.03E-07;0.23969302;0.295501616;0.203907911;0.26089695
0435XX14;724900014;14-sept-00;CANN-00-115;CANN-115;1;CANUTNORD;2000;4;9;0.55;0.45;0;0.1;0.52;0;0.289;;;1;3;3;3;3;2;2.555555556;2;16.7;25;3.81;95.25;1.5;0.5;340;115;>=100;9;Vilaine;20;25;27.15727749;22.84272251;0.75;26.24671916;26;24;3488;1879;72;0.538704128;1896.830204;5.64E-06;3.683197974;8.537856278;5.87155355;8.154105717;2.15E-07;0.140329843;0.325292324;0.22370619;0.310671428
0435XX15;724900015;14-sept-00;CANN-00-120;CANN-120;0;CANUTNORD;2000;5;9;0.37;0.63;0;0.1;0.2;0;0.163;;;1;1;3;1;3;2;1.888888889;2;18.2;30;5.07;152.1;1.5;0.8;502;120;>=100;10;Vilaine;24;13;13;13;0.928571429;8.547008547;9;13;791;531;92;0.671302149;504.2735043;1.67E-15;0.213662473;2.357635317;2.511680337;3.46403042;1.95E-16;0.024998509;0.275843332;0.293866599;0.405291559
0435XX16;724900016;28-sept-00;CHEZa-00-135;CHEZa-135;1;CHEZE;2000;4;9;0.45;0.55;0;0.15;0.2;0;0.1775;;;1;2;3;1;2;2;1.777777778;2;16.7;34;2.75;93.5;1.8;0.9;500;135;>=100;11;Vilaine;25;30;30;30;0.9375;32.0855615;32;30;6003;1287;93;0.214392804;1290.441176;6.76E-08;3.099067781;12.6316269;8.05179313;8.303073615;2.11E-09;0.096587613;0.393685705;0.250947553;0.258779128
0435XX17;724900017;28-sept-00;CHEZb-00-135;CHEZb-135;0;CHEZE;2000;4;9;0.17;0.73;0.1;0.1;0.25;0.04;0.2035;;;3;1;2;4;2;2;2.444444444;2;16.7;18;3.32;59.76;1.6;0.8;520;135;>=100;11;Vilaine;25;24;27.85356977;20.14643023;0.6875;40.16064257;40;22;1492;957;67;0.641420912;960.8433735;0.162352415;4.72196437;16.1227436;10.82558998;8.327992203;0.004042575;0.117576913;0.401456316;0.269557191;0.207367006
0435XX18;724900018;28-sept-00;CHEZ-00-134;CHEZ-134;1;CHEZE;2000;5;9;0;1;0;0;0.35;0;0.35;;;3;2;2;1;3;3;2.333333333;2;16.7;16;4.37;69.92;1.1;0.4;340;134;>=100;11;Vilaine;25;9;9;9;0.818181818;12.87185355;13;9;3148;1753;78;0.556861499;1735.719944;5.73E-38;0.001233648;0.799779282;3.221232159;8.849608458;4.45E-39;9.58E-05;0.062133964;0.250253947;0.687516248
0435XX19;724900019;28-sept-00;CHEZ-00-133;CHEZ-133;0;CHEZE;2000;5;9;0.23;0.77;0;0.1;0.25;0;0.2155;;;1;1;2;1;1;2;1.333333333;2;16.8;29;3.35;97.15;1.3;0.4;345;133;>=100;11;Vilaine;25;4;4;4;1;4.117344313;4;4;1105;665;100;0.601809955;684.508492;1.30E-33;0.003140158;0.704002848;1.104107642;2.306093665;3.16E-34;0.000762666;0.170984692;0.268160144;0.560092499
0435XXX1;824900001;20-Aug-01;ARONa-01-82;ARONa-82;1;ARON;2001;2;8;0.15;0.8;0.05;0.06;0.1;0.19;0.0985;0.17;3;2;1;3;1;1;2;1.666666667;2;17;23;3.48;80.04;1.4;0.5;354;82;[50-100[;2;Vilaine;8.5;94;104.2586158;83.74138425;0.666666667;117.4412794;117;84;2142;1848;66;0.862745098;1854.969951;19.2484805;65.39527678;11.89019028;10.44869367;10.45863813;0.163898764;0.556833825;0.101243705;0.088969515;0.089054191
0435XXX2;824900002;20-Aug-01;ARONb-01-82;ARONb-82;1;ARON;2001;1;8;0.3;0.61;0.09;0.06;0.08;0.24;0.0884;0.3;4;1;1;4;3;1;2;1.777777778;2;17;36;3.47;124.92;2.3;1.1;498;82;[50-100[;2;Vilaine;8.5;165;175.6356382;154.3643618;0.713615023;132.0845341;132;152;3195;2233;71;0.698904538;2234.430035;7.467205138;76.88024296;18.37548653;15.2493422;14.11225727;0.056533531;0.58205333;0.139119138;0.115451383;0.106842617
0435XXX6;824900003;20-Aug-01;CANSb-01-65;CANSb-65;1;CANUTSUD;2001;1;8;0.51;0.42;0.07;0.12;0.1;0.22;0.1186;0.43;3;2;1;3;1;3;3;2.333333333;2;17.5;26;3.14;81.64;2.2;1.1;495;65;[50-100[;1;Vilaine;4;170;186.2798988;153.7201012;0.645021645;208.2312592;208;149;4138;2703;64;0.653214113;2706.005258;14.74307063;111.1593269;37.59866153;25.73866975;18.99153043;0.070801429;0.53382632;0.180562043;0.123606176;0.091204032
0435XXX8;824900004;20-Aug-01;CANS-01-67;CANS-67;1;CANUTSUD;2001;4;8;0.27;0.73;;0.11;0.23;;0.1976;0.26;4;1;2;3;2;1;2;1.666666667;2;17;29;3.38;98.02;1;0.3;339;67;[50-100[;1;Vilaine;4;32;32;32;0.888888889;32.64639869;33;32;4228;1120;88;0.264900662;1107.998986;0.566389082;8.06430019;11.41298247;7.03074252;5.571984435;0.017349206;0.247019595;0.349593919;0.215360432;0.170676848
0435XXX9;824900005;21-Aug-01;CHEVb-01-165;CHEVb-165;1;CHEVRE;2001;5;8;0.6;0.12;0.28;0.1;0.23;0.46;0.2164;0.45;2;3;2;2;1;1;2;1.888888889;2;22;28;2.98;83.44;1.8;0.5;289;165;>=100;17;Vilaine;36;18;25.26461392;10.73538608;0.5;21.57238734;22;14;5455;2709;44;0.496608616;2656.345333;2.25E-12;1.603558122;5.107088201;5.329038759;9.532702263;1.04E-13;0.074333828;0.236741911;0.247030552;0.441893709
0435XX10;824900006;21-Aug-01;CHEVa-01-165;CHEVa-165;1;CHEVRE;2001;5;8;0.05;0.95;;0.15;0.34;;0.3305;0.04;1;2;1;4;2;1;2;1.888888889;2;22;23;5.6;128.8;1.4;0.4;288;165;>=100;17;Vilaine;36;54;70.81916938;37.18083062;0.5;41.92546584;42;41;7928;6615;48;0.83438446;6603.26087;0.006447957;1.282522381;9.819684788;10.82714003;19.99181809;0.000153788;0.030588967;0.234205671;0.258234113;0.476817461
0435XX13;824900007;22-Aug-01;CANN-01-110;CANN-110;1;CANUTNORD;2001;1;8;0.61;0.3;0.09;0.07;0.18;0.48;0.1399;0.12;2;3;2;3;1;1;3;2.222222222;2;-9;23;7.79;179;;;;110;>=100;8;Vilaine;20;95;101.7114536;88.28854639;0.741666667;53.0726257;53;89;2301;1488;74;0.646675359;1490.039001;0.399305088;32.98882442;8.902893542;5.626424177;5.155178472;0.007523748;0.621578902;0.167749257;0.106013677;0.097134415
0435XX14;824900008;22-Aug-01;CANN-01-115;CANN-115;1;CANUTNORD;2001;4;8;0.54;0.46;;0.09;0.1;;0.0946;0.11;0;0;0;0;0;0;0;0;2;19;24;3.02;72.48;;0.1;;115;>=100;10;Vilaine;28;60;63.27924508;56.72075492;0.805555556;82.78145695;83;58;4253;2783;80;0.654361627;2775.672225;0.382186962;25.6101071;26.66077654;16.07877075;14.04961561;0.004616819;0.309370094;0.322062181;0.194231551;0.169719357
0435XX16;824900009;22-Aug-01;CHEZa-01-135;CHEZa-135;1;CHEZE;2001;4;8;0.55;0.37;0.08;0.06;0.09;0.21;0.0831;0.26;4;2;2;4;2;1;2;2;2;-9;35;1.68;58.8;1.6;0.8;492;135;>=100;11;Vilaine;29;86;91.93613587;80.06386413;0.75;146.2585034;146;81;3098;2277;74;0.734990316;2281.031591;0.842326724;33.90637146;60.17929863;30.52350498;20.8070016;0.005759164;0.231824958;0.41145846;0.208695592;0.142261825
0435XX18;824900010;21-Aug-01;CHEZ-01-134;CHEZ-134;1;CHEZE;2001;5;8;1;;;0.18;;;0.18;0.03;2;3;3;2;2;1;1;1.888888889;2;-9;40;3.93;157.2;2.7;1.3;480;134;>=100;11;Vilaine;29;9;9;9;0.75;5.72519084;6;9;1331;793;67;0.595792637;756.6793893;1.22E-25;0.018092067;0.640319447;1.688010089;3.378769236;2.12E-26;0.003160081;0.111842463;0.294839096;0.59015836
0456XXX1;924900011;02-oct-01;ARCH-01-64;ARCH-64;1;ARCHES;2001;4;10;0.4;0.13;0.47;0.15;0.31;0.6;0.3823;0.24;1;3;1;3;1;1;3;2.111111111;2;-9;45;2.77;124.65;1.4;0.5;360;64;[50-100[;6;Oust;25.5;20;23.75721528;16.24278472;0.642857143;16.04492579;16;18;4210;855;60;0.203087886;857.400722;5.60E-08;1.7550947;4.195427845;4.800875031;5.293528161;3.49E-09;0.109386277;0.26148004;0.299214536;0.329919143
0456XXX3;924900012;02-oct-01;ARCH-01-66;ARCH-66;1;ARCHES;2001;4;10;0.19;0.71;0.1;0.1;0.3;0.6;0.292;0.12;3;3;1;2;1;4;2;2.444444444;2;-9;50;2.47;123.5;1.4;0.5;355;66;[50-100[;6;Oust;25.5;17;17;17;0.894736842;13.76518219;14;17;3015;631;88;0.209286899;620.4164257;0.000193335;1.796468563;3.788620065;3.953851986;4.226048237;1.40E-05;0.130508157;0.275232105;0.287235718;0.307009975
0456XXX6;924900013;04-oct-01;ARZ-01-45;ARZ-45;1;ARZ;2001;3;10;1;;;0.3;;;0.3;1;2;1;1;3;1;4;1;1.888888889;2;-9;20;10.05;201;1.1;0.4;365;47;<50;0;Aval;0;244;354.3435842;133.6564158;0.308433735;121.3930348;64;128;934;285;30;0.305139186;540.5783582;43.44149191;64.54894113;4.916021356;5.191409071;3.295171354;0.357858192;0.53173513;0.040496733;0.042765296;0.027144649
0456XXX8;924900014;15-oct-01;ARZ-01-47;ARZ-47;1;ARZ;2001;1;10;0.24;0.63;0.13;0.1;0.29;0.4;0.2587;;2;2;3;4;1;2;4;2.666666667;2;15.5;43;1.66;71.38;1.2;0.4;358;45;<50;0;Aval;0;90;99.40644726;80.59355274;0.675;126.0857383;126;81;4234;2089;67;0.493386868;2090.421487;10.62136131;66.64504921;17.45608803;16.8592302;14.50400955;0.084239197;0.52856929;0.138446174;0.133712428;0.115032911
0456XXX9;924900015;01-oct-01;MARZ-01-13;MARZ-13;1;MARZAN;2001;3;10;1;;;0.69;;;0.69;0;2;2;1;1;3;1;4;2.111111111;3;-9;57;4.49;255.93;2.2;0.8;385;13;<50;0;Aval;0;48;63.14143844;32.85856156;0.36;18.75512836;19;37;2675;914;31;0.341682243;902.2203851;4.742277847;3.726241981;2.646742299;3.311106409;4.328759819;0.252852327;0.198678565;0.141120991;0.176544055;0.230804063
0456XX10;924900016;15-oct-01;ARZA-01-4;ARZA-4;1;ARZAL;2001;3;10;0.81;;0.19;0.1;;0.45;0.1665;0.45;3;3;3;3;3;3;3;3;2;-9;70;1.72;120.4;;0.1;;5;<50;0;Aval;0;175;197.8336444;152.1663556;0.582329317;145.3488372;145;145;2879;1821;58;0.632511289;1825.380914;45.35312475;47.83278788;22.32721139;17.10794315;12.72777004;0.312029498;0.329089581;0.153611214;0.117702649;0.087567058
0456XX12;924900017;03-oct-01;TREV-01-21;TREV-21;1;TREVELO;2001;1;10;0.43;0.57;;0.12;0.29;;0.2169;0.13;3;2;3;3;3;3;3;2.777777778;2;15.5;74;3.4;251.6;2.5;1.3;500;21;<50;1;Aval;2;91;110.7534892;71.24651082;0.537313433;36.16852146;36;72;1435;720;53;0.50174216;723.3704293;3.796571792;12.81590895;8.023548498;6.459356839;5.07313538;0.104968952;0.354338757;0.22183789;0.178590569;0.140263831
0456XX13;924900018;04-oct-01;TREVb-01-22;TREVb-22;1;TREVELO;2001;1;10;0.44;0.09;0.47;0.21;0.2;0.58;0.383;0.36;0;0;0;0;0;0;0;0;2;-9;35;3.68;128.8;1.5;0.5;364;22;<50;1;Aval;2;103;161.5556836;44.44431638;0.3125;79.9689441;43;55;4420;1369;29;0.309728507;2545.988011;8.729414407;33.90038491;16.28191085;10.54595699;10.51127695;0.109160056;0.423919376;0.203602924;0.131875656;0.131441987
0456XX16;924900019;01-oct-01;TREV-01-22;TREV-22;1;TREVELO;2001;1;10;0.62;0.31;0.07;0.26;0.35;0.5;0.3047;0.77;3;2;2;3;3;1;3;2.222222222;2;-9;37;4.73;175.01;2.3;0.7;298;22;<50;1;Aval;2;91;109.4763766;72.52362344;0.54887218;51.99702874;52;73;3163;1201;54;0.379702814;1200.931375;5.460844057;23.5381796;8.051629851;7.820263242;7.126111993;0.105022233;0.452683166;0.154847884;0.150398271;0.137048446
0444XXX1;1024900001;25-sept-01;DON-01-134;DON-134;2;DON;2001;4;9;0.69;0.11;0.2;0.13;0.3;0.45;0.2127;0.34;1;4;2;4;1;1;3;2.555555556;2;-9;44;2.49;109.56;;;;134;>=100;15;Don;52;190;247.4794353;132.5205647;0.407894737;173.4209566;173;124;45330;13297;40;0.293337745;13329.35526;0.000682378;18.20771575;57.88634342;41.25092345;56.07724954;3.93E-06;0.104990253;0.333787167;0.237863166;0.323355479
0444XXX3;1024900002;25-sept-01;DON-01-137;DON-137;2;DON;2001;5;9;0.43;0.37;0.2;0.12;0.22;0.4;0.213;0.02;3;2;1;2;2;1;2;1.666666667;2;-9;48;2.4;115.2;0.7;0.2;309;137;>=100;16;Don;55;28;30.16922925;25.83077075;0.771428571;24.30555556;24;27;5855;3750;75;0.640478224;3797.743056;2.63E-12;1.459623875;3.383065484;5.866416474;13.59644972;1.08E-13;0.060053097;0.13918898;0.241361135;0.559396789
0444XXX2;1024900003;25-sept-01;DON-01-136;DON-136;2;DON;2001;5;9;0.08;0.55;0.37;0.15;0.22;0.6;0.355;0.14;4;3;2;2;2;1;3;2.222222222;2;-9;38;4.51;171.38;1;0.3;315;136;>=100;16;Don;55;25;30.21967046;19.78032954;0.628571429;14.58746645;15;22;9338;1910;60;0.204540587;1857.470728;2.77E-10;0.538920191;2.034858967;3.636685932;8.377001359;1.90E-11;0.036944057;0.139493652;0.249302094;0.574260197
0444XXX4;1024900004;24-sept-01;DON-01-108;DON-108;2;DON;2001;1;9;0.74;;0.26;0.11;;0.66;0.253;0.31;3;3;1;4;1;1;1;1.777777778;2;15;36;2.48;89.28;0.6;0.1;220;108;>=100;7;Don;21.5;5;5;5;1;5.600358423;6;5;795;96;100;0.120754717;89.60573477;5.85E-06;2.406618682;1.526663813;0.98982116;0.677248921;1.04E-06;0.429725832;0.27260109;0.176742466;0.120929567
0444XXX6;1024900005;24-sept-01;DON-01-107;DON-107;2;DON;2001;4;9;0.23;0.41;0.36;0.15;0.15;0.4;0.24;;3;3;1;3;1;1;1;1.666666667;2;-9;32;3.49;111.68;0.8;0.2;220;107;>=100;7;Don;21.5;13;18.71862483;7.281375165;0.476190476;11.64040115;12;10;7217;656;38;0.090896494;636.3419293;6.00E-06;2.702233762;3.670251558;2.464964125;2.802945696;5.16E-07;0.232142667;0.315302842;0.21175938;0.240794596
0444XXX7;1024900006;24-sept-01;DON-01-104;DON-104;2;DON;2001;5;9;;1;;;0.37;;0.37;0.01;1;1;2;2;2;1;2;1.555555556;2;-9;47;5;235;1;0.3;300;104;>=100;7;Don;21.5;1;1;1;1;0.425531915;0.425531915;1;432;26;100;0.060185185;26;1.93E-106;2.04E-13;0.007446566;0.182197916;0.235887433;4.54E-106;4.79E-13;0.01749943;0.428165103;0.554335467
0444XXX8;1024900007;26-sept-01;ISAC-01-61;ISAC-61;2;ISAC;2001;4;9;0.28;0.5;0.22;0.6;0.34;0.17;0.3754;0.19;4;3;1;2;2;1;3;2.111111111;2;-9;33;2.46;81.18;0.6;5.1;301;61;[50-100[;7;Isac;23;5;7.475;2.525;0.444444444;6.159152501;5;4;2272;144;20;0.063380282;177.383592;1.38E-21;0.128343926;2.146369052;2.093201788;1.791237735;2.24E-22;0.02083792;0.348484479;0.339852242;0.290825359
0444XXX9;1024900008;26-sept-01;ISAC-01-62;ISAC-62;2;ISAC;2001;5;9;1;;;0.35;;;0.35;0.06;0;0;0;0;0;0;0;0;2;-9;29;4.03;116.87;1;0.3;310;62;[50-100[;7;Isac;23;5;5;5;0.833333333;4.278257893;4;5;4949;340;100;0.068700748;363.6519209;6.09E-59;1.73E-06;0.449769507;1.53359154;2.294895112;1.42E-59;4.05E-07;0.105129125;0.358461687;0.536408783
0444XX10;1024900009;26-sept-01;ISAC-01-65;ISAC-65;2;ISAC;2001;5;9;0.24;0.43;0.33;0.06;0.16;0.43;0.2251;;3;3;3;3;3;1;3;2.555555556;2;17;98;1.43;140.14;0.6;0.2;308;65;[50-100[;7;Isac;23;21;21;21;0.875;14.98501499;15;21;6962;786;86;0.112898592;785.2147852;4.83E-43;0.000212859;2.792506943;5.942072766;6.250222418;3.22E-44;1.42E-05;0.186353297;0.396534323;0.417098176
0435XXX1;1124900001;37502;ARONa-02-82;ARONa-82;1;ARON;2002;0;9;0.17;0.83;;0.09;0.12;;0.1149;0.06;0;0;0;0;0;0;0;1.666666667;2;15.8;30;3.24;97.2;0.8;0.3;340;82;[50-100[;2;Vilaine;8.5;217;373.354121;60.64587901;0.21483376;223.2510288;86;84;1506;1169;20;0.77622842;3034.656426;21.02362474;134.8342966;27.09823042;22.13577331;18.15910372;0.094170338;0.603958232;0.121380092;0.099151943;0.081339395
0435XXX2;1124900002;37502;ARONb-02-82;ARONb-82;1;ARON;2002;0;9;0.32;0.68;;0.06;0.1;;0.0872;0.24;0;0;0;0;0;0;0;1.777777778;2;15.8;39;2.97;115.83;0.9;0.3;352;82;[50-100[;2;Vilaine;8.5;175;285.7045937;64.29540627;0.256493506;151.0834844;68;79;1682;944;24;0.561236623;2097.394254;6.522689447;94.92339113;19.53743351;16.03981436;14.06015597;0.04317275;0.628284365;0.129315481;0.10616524;0.093062164
0435XXX6;1124900003;37502;CANSb-02-65;CANSb-65;1;CANUTSUD;2002;0;9;0.66;0.28;0.06;0.06;0.11;0.15;0.0794;0.88;0;0;0;0;0;0;0;2.333333333;2;15.1;28;3.66;102.48;0.8;0.3;326;65;[50-100[;1;Vilaine;4;126;127.9244339;124.0755661;0.899280576;122.9508197;123;125;2596;1930;90;0.743451464;1929.228309;3.198459617;46.0255172;35.73597913;22.24162968;15.74923405;0.026014138;0.374340873;0.29065263;0.180898588;0.12809377
0435XXX8;1124900004;37502;CANS-02-67;CANS-67;1;CANUTSUD;2002;0;9;0.25;0.75;;0.05;0.15;;0.125;0.34;0;0;0;0;0;0;0;1.666666667;2;18;31;2.53;78.43;0.7;0.3;367;67;[50-100[;1;Vilaine;4;30;30;30;0.857142857;38.25066939;38;30;1967;946;83;0.480935435;952.2403484;6.74E-06;7.201809595;14.63357589;9.047822977;7.367454182;1.76E-07;0.188279309;0.382570452;0.236540252;0.19260981
0435XXX9;1124900005;37503;CHEVa-02-165;CHEVa-165;1;CHEVRE;2002;0;9;0.43;0.19;0.38;0.05;0.1;0.31;0.1583;0.51;0;0;0;0;0;0;0;1.888888889;2;0;31;3.04;94.24;1.3;0.5;380;165;>=100;17;Vilaine;36;9;9;9;0.818181818;9.55008489;10;9;11643;1287;78;0.110538521;1229.095925;1.34E-33;0.003476054;1.910016599;3.033668436;4.603666585;1.41E-34;0.000363953;0.199984406;0.317634088;0.482017553
0435XX10;1124900006;37503;CHEVb-02-165;CHEVb-165;1;CHEVRE;2002;0;9;0.02;;0.98;0.14;;0.22;0.2184;0;0;0;0;0;0;0;0;1.888888889;2;18.7;26;5.07;131.82;1.3;0.5;352;165;>=100;17;Vilaine;36;48;53.75740326;42.24259674;0.698412698;36.41329085;36;44;7037;3898;69;0.553929231;3942.750215;5.20E-08;0.653981999;5.149477599;10.98342946;19.62698105;1.43E-09;0.017959695;0.141415279;0.301627633;0.538997392
0435XX13;1124900007;37503;CANN-02-110;CANN-110;1;CANUTNORD;2002;0;9;0.05;0.4;0.55;0.04;0.11;0.21;0.1615;0;0;0;0;0;0;0;0;2.222222222;2;16.6;22;8.33;183.26;1.3;0.5;365;110;>=100;8;Vilaine;20;76;85.02694807;66.97305193;0.666666667;41.47113391;41;68;925;467;66;0.504864865;472.3663301;0.08207082;24.07659843;8.475206776;5.088105457;3.749152426;0.001978987;0.58056282;0.204363999;0.12269029;0.090403904
0435XX14;1124900008;37504;CANN-02-115;CANN-115;1;CANUTNORD;2002;0;9;0.2;0.72;0.08;0.03;0.07;0.12;0.066;;2;2;2;3;2;2;2;2.111111111;2;0;27;2.22;59.94;0.7;0.2;357;115;>=100;10;Vilaine;28;33;40.84141916;25.15858084;0.595744681;55.05505506;55;28;3152;866;58;0.274746193;866.8668669;0.012909111;24.0789929;16.49644627;8.313335556;6.153371217;0.000234476;0.437362071;0.299635451;0.151000404;0.111767597
0435XX16;1124900009;37504;CHEZa-02-135;CHEZa-135;1;CHEZE;2002;0;9;0.51;0.49;;0.08;0.09;;0.0849;0.37;0;0;0;0;0;0;0;2;2;17;37;2.65;98.05;1.1;0.4;357;135;>=100;11;Vilaine;29;59;66.65134035;51.34865965;0.670886076;60.17338093;60;53;2570;1429;66;0.556031128;1433.129356;7.23E-08;7.903250863;26.86196141;14.47589408;10.9322745;1.20E-09;0.131341313;0.446409376;0.240569731;0.181679579
0435XX18;1124900010;37504;CHEZ-02-134;CHEZ-134;1;CHEZE;2002;0;9;;1;;;0.2;;0.2;;0;0;0;0;0;0;0;1.888888889;2;16.1;40;3.77;150.8;1.8;0.7;415;134;>=100;11;Vilaine;29;9;9;9;0.75;5.968169761;6;9;4525;1507;67;0.333038674;1499.005305;1.68E-15;0.224944825;0.758947724;1.424942159;3.559335053;2.82E-16;0.037690755;0.127165908;0.238756975;0.596386362
0456XXX1;1224900001;37537;ARCH-02-64;ARCH-64;1;ARCHES;2002;0;10;;0.66;0.34;;0.2;0.45;0.285;;0;0;0;0;0;0;0;2.111111111;2;8;45;2.67;120.15;0.2;0.1;350;64;[50-100[;6;Oust;17.5;10;17.17839191;2.821608095;0.315789474;8.322929671;5;6;5065;215;9;0.042448174;357.8859759;2.02E-12;0.77637638;2.60723726;2.369129178;2.570186854;2.43E-13;0.093281622;0.313259557;0.284650871;0.308807951
0456XXX3;1224900002;37537;ARCH-02-66;ARCH-66;1;ARCHES;2002;0;10;0.04;0.64;0.32;0.04;0.13;0.25;0.1648;;0;0;0;0;0;1;0;2.444444444;2;9.2;50;2.51;125.5;0.2;0.1;350;66;[50-100[;6;Oust;17.5;9;9;9;0.75;7.171314741;7;9;1981;465;67;0.234729934;476.3801935;5.01E-08;0.630569523;2.3337995;1.800901068;2.4060446;6.98E-09;0.087929417;0.325435375;0.251125649;0.335509553
0456XXX6;1224900003;37537;ARZ-02-45;ARZ-45;1;ARZ;2002;0;10;1;;;0.06;;;0.06;;0;1;1;3;1;4;1;1.888888889;2;12.6;20;7.79;155.8;0.7;0.2;340;47;<50;0;Aval;0;45;59.83409392;30.16590608;0.492753623;28.88318357;29;34;838;216;47;0.257756563;215.129919;1.111069966;21.36758594;2.388326092;2.384130916;1.632070658;0.038467711;0.739793309;0.082689157;0.08254391;0.056505913
0456XXX8;1224900004;37536;ARZ-02-47;ARZ-47;1;ARZ;2002;0;10;0.22;0.78;;0.11;0.2;;0.1802;0.18;0;0;0;0;0;0;0;2.666666667;2;12.6;43;2.17;93.31;0.7;0.2;340;45;<50;0;Aval;0;71;105.0655889;36.93441107;0.376068376;76.09045118;76;44;2281;1852;35;0.811924594;1854.204153;6.349981058;31.71804109;11.65088841;13.18527659;13.18626404;0.083453061;0.416846537;0.153118929;0.173284248;0.173297225
0456XXX9;1224900005;37538;MARZ-02-13;MARZ-13;1;MARZAN;2002;0;10;;1;;;0.4;;0.4;;0;0;0;0;0;0;0;2.111111111;2;0;57;4.53;258.21;0;0;0;13;<50;0;Aval;0;25;27.29342881;22.70657119;0.774193548;9.682041749;10;24;9704;514;76;0.052967848;497.6569459;9.63E-05;0.388632933;2.264623788;3.325765621;3.702923084;9.95E-06;0.040139564;0.233899403;0.343498376;0.382452708
0456XX10;1224900006;37538;ARZA-02-4;ARZA-4;1;ARZAL;2002;0;10;0.65;0.06;0.29;0.11;0.15;0.33;0.1762;0.3;0;0;0;0;0;0;0;3;2;11.2;70;1.36;95.2;0;0;0;5;<50;0;Aval;0;135;188.8915886;81.10841139;0.375565611;141.8067227;142;83;2667;1875;36;0.70303712;1872.447923;34.94546099;48.61669302;24.35796883;18.81914501;15.06745484;0.246430214;0.342837717;0.171768788;0.132709823;0.106253459
0456XX12;1224900007;37536;TREV-02-21;TREV-21;1;TREVELO;2002;0;10;0.24;0.73;0.03;0.05;0.11;0.22;0.0989;;0;0;0;0;0;0;0;2.777777778;2;11.9;74;2.38;176.12;0.7;0.2;335;21;<50;1;Oust;2;33;49.77039317;16.22960683;0.407407407;18.73722462;19;22;859;426;36;0.495925495;420.1082994;1.277150517;5.184166883;5.010690865;4.056338709;3.208877646;0.068161136;0.276677416;0.267419053;0.216485568;0.171256828
0456XX13;1224900008;37536;TREVb-02-22;TREVb-22;1;TREVELO;2002;0;10;0.28;0.26;0.46;0.05;0.13;0.25;0.1628;;0;0;0;0;0;0;0;2.222222222;2;10.2;35;3.6;126;0.8;0.3;322;22;<50;1;Oust;2;47;47;47;0.921568627;37.3015873;37;47;9457;975;91;0.103098234;982.9472329;4.73998598;17.57410332;6.398391237;4.27726762;4.31183914;0.127071965;0.471135536;0.17153134;0.114667174;0.115593985
0456XX16;1224900009;37538;TREV-02-22;TREV-22;1;TREVELO;2002;0;10;0.42;;0.58;0.08;;0.2;0.1496;0.12;0;0;0;0;0;0;0;2.222222222;2;0;37;4.18;154.66;0.8;0.3;322;22;<50;1;Oust;2;58;84.47809805;31.52190195;0.404255319;37.50161645;38;38;2911;978;38;0.335967022;965.1731812;0.951697387;14.8088173;8.197619993;7.307874356;6.235607418;0.025377503;0.394884773;0.218593777;0.19486825;0.166275697
0456XXX1;1324900001;37901;ARCH-03-64;ARCH-64;1;ARCHES;2003;0;10;;0.79;0.21;;0.19;0.61;0.2782;;1;2;2;2;1;4;4;2.777777778;2;11.6;45;2.29;103.05;1.4;0.5;386;64;[50-100[;6;Oust;17.5;1;1;1;1;0.970402717;1;1;5004;45;100;0.008992806;43.66812227;2.09E-77;5.91E-09;0.118426926;0.430012607;0.421963178;2.16E-77;6.09E-09;0.122038947;0.443127992;0.434833055
0456XXX3;1324900002;37901;ARCH-03-66;ARCH-66;1;ARCHES;2003;0;10;;1;;;0.18;;0.18;;1;1;1;1;1;2;2;1.444444444;2;0;50;2.16;108;1.1;0.4;334;66;[50-100[;6;Oust;17.5;9;9;9;1;8.333333333;8;9;1647;552;100;0.335154827;575;2.35E-15;0.409327903;2.757190238;2.217524468;2.949290724;2.82E-16;0.049119348;0.330862829;0.266102936;0.353914887
0456XXX6;1324900003;37901;ARZ-03-45;ARZ-45;1;ARZ;2003;0;10;1;;;0.09;;;0.09;0.53;0;1;1;3;1;1;1;1.222222222;2;0;20;7.81;156.2;2.4;1.3;536;47;<50;0;Aval;0;25;28.87605849;21.12394151;0.696969697;16.00512164;16;23;306;66;68;0.215686275;66.02112676;0.781941823;10.04267931;2.705393698;1.554232871;0.920873942;0.048855725;0.627466603;0.169032998;0.09710847;0.057536204
0456XXX8;1324900004;37908;ARZ-03-47;ARZ-47;1;ARZ;2003;0;10;0.29;0.4;0.31;0.13;0.27;0.39;0.2666;;3;0;0;0;0;4;4;1.777777778;2;0;43;1.99;85.57;0.9;0.3;360;45;<50;0;Aval;0;24;27.85356977;20.14643023;0.6875;28.04721281;28;22;3309;1591;67;0.480809912;1593.682699;0.12234177;10.69197392;4.983107974;5.395557201;6.855124353;0.004361855;0.381201291;0.177662909;0.192367975;0.24440597
0456XXX9;1324900005;37902;MARZ-03-13;MARZ-13;1;MARZAN;2003;0;10;;1;;;0.43;;0.43;;0;0;0;0;0;0;0;2.111111111;2;13.9;57;4.14;235.98;0;0;0;13;<50;0;Aval;0;40;50.07472084;29.92527916;0.568965517;16.95058903;17;33;16394;570;55;0.034768818;568.3432793;0.045685336;1.441163195;6.49054067;4.820678554;4.152521279;0.002695206;0.085021423;0.382909447;0.284395931;0.244977993
0456XX10;1324900006;37902;ARZA-03-4;ARZA-4;1;ARZAL;2003;0;10;0.84;0.16;;0.07;0.23;;0.0956;;0;0;0;0;0;0;0;3;2;14.8;70;1.13;79.1;0.8;0.3;370;5;<50;0;Aval;0;31;34.6522165;27.3477835;0.725;39.1908976;39;29;1030;276;71;0.267961165;277.3509676;15.47186027;11.59627759;5.637605079;3.845846592;2.639308067;0.394781983;0.295892115;0.143849859;0.098131118;0.067344925
0456XX12;1324900007;37908;TREV-03-21;TREV-21;1;TREVELO;2003;0;10;0.24;0.76;;0.09;0.12;;0.1128;;4;2;3;4;1;2;2;2.222222222;2;14.9;74;1.65;122.1;0.7;0.3;368;21;<50;1;Oust;2;34;46.07725134;21.92274866;0.5;27.84602785;28;26;873;475;47;0.544100802;472.3879724;0.10226596;6.941343939;8.791831251;6.774970831;5.235615866;0.003672551;0.24927591;0.315730175;0.243301158;0.188020205
0456XX13;1324900008;37908;TREVb-03-22;TREVb-22;1;TREVELO;2003;0;10;0.06;0.47;0.47;0.08;0.22;0.29;0.2445;;0;0;0;0;0;0;0;2.222222222;2;14.6;35;3.5;122.5;1.3;0.5;370;22;<50;1;Oust;2;43;50.09622577;35.90377423;0.644067797;35.10204082;35;38;13032;1233;63;0.09461326;1236.594752;3.178928355;12.93784458;7.566340674;5.822867886;5.596705943;0.090560826;0.368571341;0.215548758;0.165880971;0.159438104
0456XX16;1324900009;37902;TREV-03-22;TREV-22;1;TREVELO;2003;0;10;0.47;0.53;;0.1;0.26;;0.1848;0.17;4;3;4;3;2;1;1;2.111111111;2;13.1;37;3.65;135.05;0.6;0.2;370;22;<50;1;Oust;2;62;78.99910883;45.00089117;0.516129032;45.90892262;46;48;4139;504;50;0.121768543;503.0021087;1.794625651;23.97077512;9.499181369;6.309044708;4.335295779;0.039090999;0.52213761;0.20691362;0.13742524;0.094432531
0435XXX1;1424900001;37852;ARONa-03-82;ARONa-82;1;ARON;2003;0;8;0.17;0.83;;;;;pb;0.07;0;0;0;0;0;0;0;1.666666667;2;19.2;23;4.93;113.39;1.9;0.9;493;82;[50-100[;2;Vilaine;8.5;77;100.932111;53.06788899;0.470588235;67.90722286;68;56;1683;1172;45;0.69637552;1170.400959;3.84067086;32.92007221;12.21651978;10.28555697;8.644403041;0.056557619;0.484780128;0.179900153;0.151464845;0.127297255
0435XXX2;1424900002;37852;ARONb-03-82;ARONb-82;1;ARON;2003;0;8;0.24;0.66;0.1;0.03;0.1;0.2;0.0932;;4;2;1;4;1;1;3;2;2;0;34;4.31;146.54;1.9;0.9;493;82;[50-100[;2;Vilaine;8.5;83;89.81211742;76.18788258;0.719626168;56.6398253;57;77;1398;613;71;0.438483548;609.1265423;3.487883256;33.61262153;8.402464691;6.442117968;4.694737858;0.06158005;0.593445007;0.148349057;0.113738309;0.082887577
0435XXX6;1424900003;37852;CANSb-03-65;CANSb-65;1;CANUTSUD;2003;0;8;0.6;0.4;;0.08;0.1;;0.088;0.8;0;1;1;3;1;3;2;1.888888889;2;18.9;24;3.67;88.08;0.8;0.2;275;65;[50-100[;1;Vilaine;4;60;73.49187106;46.50812894;0.563218391;68.11989101;68;49;2324;1830;55;0.787435456;1833.226479;1.428757247;22.14916979;18.62974984;13.98875066;11.92346347;0.020974156;0.325149813;0.273484728;0.20535486;0.175036444
0435XXX8;1424900004;37852;CANS-03-67;CANS-67;1;CANUTSUD;2003;0;8;0.24;0.76;;0.09;0.18;;0.1584;0.05;4;1;1;3;1;1;4;1.888888889;2;20;27;2.91;78.57;1.3;0.7;530;67;[50-100[;1;Vilaine;4;37;41.7380883;32.2619117;0.693877551;47.0917653;47;34;1492;895;68;0.599865952;896.7474457;0.000682931;11.44296218;17.77954262;10.23229237;7.6362852;1.45E-05;0.242992848;0.37755099;0.217284111;0.162157548
0435XXX9;1424900005;37854;CHEVa-03-165;CHEVa-165;1;CHEVRE;2003;0;8;0.38;0.23;0.39;0.13;0.15;0.6;0.3179;0.14;0;0;0;0;0;0;0;1.888888889;2;15.4;32;2.99;95.68;3;1.1;375;165;>=100;17;Vilaine;36;18;18;18;0.9;18.81270903;19;18;9337;928;89;0.099389526;918.8523147;1.88E-21;0.198717839;5.284428817;6.036036815;7.293525559;9.97E-23;0.010562957;0.28089675;0.32084889;0.387691403
0435XX11;1424900006;37854;CHEV-03-163;CHEV-163;1;CHEVRE;2003;0;8;1;;;0.13;;;0.13;0.25;3;0;1;4;1;2;2;1.778;2;16.5;19;3.98;75.62;1.9;5;375;163;>=100;16;Vilaine;33;9;9;9;1;11.90161333;12;9;1391;879;100;0.631919482;871.7931764;5.30E-38;0.001149004;2.496578823;4.077664123;5.326221381;4.45E-39;9.65E-05;0.209768101;0.342614401;0.447520956
0435XX13;1424900007;37853;CANN-03-110;CANN-110;1;CANUTNORD;2003;0;8;0.36;0.64;;0.11;0.32;;0.2444;0.02;0;0;0;0;0;0;0;2.222222222;2;18.4;20;11.21;224.2;2.3;1.2;535;110;>=100;8;Vilaine;20;118;133.5583314;102.4416686;0.615853659;52.63157895;53;101;1182;622;61;0.526226734;617.6762661;0.435815365;24.11615701;14.83837831;8.006584899;5.23464337;0.008280492;0.458206983;0.281929188;0.152125113;0.099458224
0435XX14;1424900008;37853;CANN-03-115;CANN-115;1;CANUTNORD;2003;0;8;0.2;0.72;0.08;0.03;0.07;0.12;0.066;;0;0;0;0;0;0;0;2.111111111;2;19.1;27;2.57;69.39;2.3;1.2;535;115;>=100;10;Vilaine;28;47;59.04242528;34.95757472;0.550724638;67.73310275;68;38;3991;2686;53;0.673014282;2675.457559;9.42E-06;14.85559918;24.82822309;14.06208181;13.98718926;1.39E-07;0.219325538;0.36655966;0.207610182;0.206504481
0435XX18;1424900009;37852;CHEZ-03-134;CHEZ-134;1;CHEZE;2003;0;8;0.64;0.36;;0.12;0.13;;0.1236;0.28;0;0;0;0;0;1;0;1.888888889;2;0;31;4.51;139.81;2.8;1.5;540;134;>=100;11;Vilaine;29;16;18.42933683;13.57066317;0.714285714;11.44410271;11;15;2280;1142;69;0.500877193;1188.105936;2.92E-25;0.068148305;2.672095792;2.916257266;5.787601348;2.55E-26;0.005954884;0.23349107;0.254826205;0.50572784
0435XX16;1424900010;37853;CHEZa-03-135;CHEZa-135;1;CHEZE;2003;0;8;;1;;;0.32;;0.32;;4;1;1;4;1;2;2;1.777777778;2;0;40;2.56;102.4;1.9;0.9;515;135;>=100;11;Vilaine;29;32;32;32;0.864864865;31.25;31;32;1456;879;84;0.603708791;886.0887097;4.95E-15;1.266184376;14.02968185;8.969396672;6.9847371;1.59E-16;0.0405179;0.448949819;0.287020694;0.223511587
0456XXX1;20020000181;38664;ARCH-05-64;ARCH-64;1;ARCHES;2005;0;11;0.68;0.14;0.18;0.37;0.43;1.03;0.4972; -; -; -; -; -; -; -; -; -;2;12.8;47;3.18;149.47;1.4;0.5;350;64;[50-100[;;;;3; -; -;1;3;3;4;244;128;100;0.524590164;;;;;;;2.87E-53;1.26E-05;0.788443934;1.181772594;1.029770829
0456XXX3;20020000182;38664;ARCH-05-66;ARCH-66;1;ARCHES;2005;0;11;0.43;0.23;0.33;0.4;0.5;0.6;0.485;0.54757292; -; -; -; -; -; -; -; -;2;0;55;3.1;170.25;1.5;0.5;350;66;[50-100[;;;;21;31;11;0.43;12;9;16;1219;288;56.2;0.236259229;384;6.73E-22;0.074626113;4.571373899;3.88241761;3.471582377;5.61E-23;0.006218843;0.380947825;0.323534801;0.289298531
0456XXX6;20020000183;38631;ARZ-05-44;ARZ-45;1;ARZ;2005;0;10;0.72;0.28;0; -; -; -;pb; -; -;1;1;3;1;1;1;0;2; -;34;2.81;95.65;1.6;0.8;502;45;<50;;;;6;9;3;0.33;6;5;5;607;82;40;0.13509061;98.4;6.09E-15;1.14178866;2.491340227;1.406988522;0.959882591;1.01E-15;0.19029811;0.415223371;0.234498087;0.159980432
0456XXX8;20020000184;38664;ARZ-05-47;ARZ-47;1;ARZ;2005;0;11;0.75;0;0.25;0.4;0;0.8;0.5;2; -; -; -; -; -; -; -; -;2;13.9;42;2.71;113.9;2.1;1.1;525;47;<50;;;;62;95;29;0.39;54;36;41;5053;1399;58;0.276865229;2098.5;7.637406207;12.19967253;11.19809464;9.626600044;9.387007067;0.152599247;0.24375564;0.223743606;0.192344348;0.187557159
0456XXX9;20020000185;38630;MARZ-05-14;MARZ-13;1;MARZAN;2005;0;10;0;1;0;0; -;0;0;0; -; -; -; -; -; -; -; -;1;  -;44;2.89;127.31;2;1;515;13;<50;;;; -; -; -; -; -;6.283874008;8; -; -;0; -;;;;;;;0.466242957;3.407955847;2.339642996;1.111028389;0.675129811
0456XX10;20020000186;38630;ARZA-05-4;ARZA-4;1;ARZAL;2005;0;10;0.75;0.25;0; -; -; -;pb; -; -; -; -; -; -; -; -; -;2;  -;70;1.27;88.8;1.1;0.5;499;4;<50;;;;15;20;10;0.53;17;15;13;552;187;61.5;0.338768116;211.9333333;1.335068555;4.631685432;5.355526645;3.307534126;2.370185241;0.078533444;0.272452084;0.315030979;0.194560831;0.139422661
0456XX12;20020000187;38631;TREV-05-22;TREV-21;1;TREVELO;2005;0;10;0.34;0.66;0;0.03;0.1;0;0.0762; -; -;1;1;3;1;1;1;0;2;  -;66;0.85;55.86;0;0;0;21;<50;;;;1;1;1;1;2;2;1;574;12;100;0.020905923;12;5.07E-15;0.62155287;0.824018747;0.352200414;0.202227969;2.53E-15;0.310776435;0.412009373;0.176100207;0.101113984
0456XX13;20020000188;38631;TREVb-05-23;TREVb-22;1;TREVELO;2005;0;10;0.07;0.93;0;0.1;0.3;0;0.286;0.056051418;4;3;3;3;3;1;2;0;2;  -;43;1.87;80.39;0;0;0;22;<50;;;;42;51;33;0.62;52;56;37;8960;1154;100;0.128794643;1071.571429;0.384845079;14.9993484;13.63230274;12.11756701;10.86593677;0.007400867;0.288449008;0.262159668;0.233030135;0.208960322
0456XX16;20020000189;38630;TREV-05-22;TREV-22;1;TREVELO;2005;0;10;0.34;0.15;0.51;0.29;0.41;0.4;0.3641;0.122053923;3;3;3;3;3;3;3;0;2;  -;48;3.04;146.07;0;0;0;22;<50;;;;18;18;18;1;12;12;18;2387;288;100;0.12065354;288;0.00015918;3.449322338;3.959078581;2.60576573;1.985674171;1.33E-05;0.287443528;0.329923215;0.217147144;0.165472848
0435XXX1;20020000190;38608;ARONa-05-83;ARONa-82;1;ARON;2005;0;9;0.15;0.85;0; -; -; -;pb; -;2;2;1;3;1;3;2;0;2; -;23;3.12;71.76; -;0;325;82;[50-100[;;;;42;57;27;0.5;59;46;33;2426;1366;63.6;0.57;1752.043478;0.011292474;16.11733617;18.04429705;12.59311893;12.23395538;0.000191398;0.273175189;0.305835543;0.213442694;0.207355176
0435XXX2;20020000191;38608;ARONb-05-83;ARONb-82;1;ARON;2005;0;9;0.31;0.62;0.08; -;0.13;  -;0.13; -;3;2;1;4;1;0;3;0;2; -;35;2.56;89.6; -;0;317;82;[50-100[;;;;65;74;56;0.68;73;75;67;1929;1722;66;0.88;1676.08;0.710778197;28.62910454;13.16617925;9.45786632;9.050997063;0.011649251;0.469214776;0.215786206;0.155009061;0.148340705
0435XXX6;20020000192;38608;CANSb-05-66;CANSb-65;1;CANUTSUD;2005;0;9;0.49;0.51;0;0.15; -; -;0.15;0.23;3;1;1;3;1;2;2;0;2;17.3;25;2.89;72.25; -;0; -;65;[50-100[;;;;16;21;11;0.56;22;19;14;720;285;64.2;0.4;330;0.1401331;8.04123125;6.992814788;3.950495909;2.875324954;0.006369686;0.365510511;0.317855218;0.179567996;0.130696589
0435XXX8;20020000193;38608;CANS-05-67;CANS-67;1;CANUTSUD;2005;0;9;0.22;0.78;0;0.05;0.2;0;0.167;0.03; -; -; -; -; -; -; -;0;2; -;28;2.22;62.16; -;0;390;67;[50-100[;;;;17;20;14;0.67;27;29;18;1197;606;67;0.5;564.2068966;6.28E-10;2.595423587;10.09579707;6.432221075;4.876558268;2.62E-11;0.108142649;0.420658211;0.268009211;0.203189928
0435XXX9;20020000194;38610;CHEVa-05-166;CHEVa-165;1;CHEVRE;2005;0;9;0.46;0.12;0.42; -; -; -;pb;0.19; -; -; -; -; -; -; -;0;2; -;31;2.89;89.59; -;0;330;165;>=100;;;;16;16;16;0.88;18;18;16;5350;3354;86;0.62;3354;2.15E-25;0.03201221;2.115969594;4.553657806;11.29993539;1.20E-26;0.001778301;0.117543581;0.252958855;0.627719263
0435XX11;20020000195;38610;CHEV-05-164;CHEV-163;1;CHEVRE;2005;0;9;1;0;0;0.1;0; -;0.1;0.5; -; -; -; -; -; -; -;0;2; -;19;3.59;68.21; -;0;330;163;>=100;;;;14;14;14;1;21;21;14;1768;1456;100;0.82;1456;2.87E-25;0.044637464;4.658693809;7.128864564;9.167804163;1.37E-26;0.002125594;0.221842562;0.339469741;0.436562103
0435XX13;20020000196;38609;CANN-05-110;CANN-110;1;CANUTNORD;2005;0;9;0.31;0.69;0; -;0.35; -;0.35; -;3;3;3;3;1;1;1;0;2;16.7;37;5.73;212.01; -;0;325;110;>=100;;;;74;81;67;0.72;35;36;76;1005;512;70;0.5;497.7777778;0.00022719;9.969569374;11.66927683;5.766462436;3.910253644;7.25E-06;0.318355997;0.372632369;0.184139137;0.124865242
0435XX14;20020000197;38609;CANN-05-115;CANN-115;1;CANUTNORD;2005;0;9;0.51;0.49;0; -; -; -;pb; -; -; -; -; -; -; -; -;0;2; -;26;3.15;81.9; -;0;330;115;>=100;;;;12;12;12;0.92;15;15;12;1322;263;91;0.22;263;5.25E-10;2.453823344;6.968066393;3.385241015;2.192869247;3.50E-11;0.163588223;0.46453776;0.225682734;0.146191283
0435XX16;20020000198;38609;CHEZa-05-136;CHEZa-135;1;CHEZE;2005;0;9;0.54;0.46;0; -; -; -;pb; -;4;1;1;3;2;1;3;0;2;17.3;35;2.45;85.75; -;0;473;135;>=100;;;;20;20;20;1;23;23;20;1630;1188;100;0.73;1188;4.81E-10;0.785269269;6.442668715;7.654998802;8.117063214;2.09E-11;0.034142142;0.280116031;0.332826035;0.352915792
0435XX18;20020000199;38609;CHEZ-05-134;CHEZ-134;1;CHEZE;2005;0;9;0;1;0;0;0.3;0;0.3; -;3;2;3;2;2;1;2;0;2; -;31;4.36;135.16; -;0;328;134;>=100;;;;13;13;13;0.77;10;11;14;1959;1159;70;0.57;1053.636364;1.53E-18;0.117994425;1.228536567;2.906238829;5.032944466;1.65E-19;0.012707092;0.132303938;0.312979566;0.542009404
0456XXX1;20020000200;25/09/2007;ARCH-07-64;ARCH-64;1;ARCHES;2007;0;9;16;84;0;0.12;0.35;0;0.3132;0.09;1;2;1;2;1;1;4;0;2;15.5;50;2.23;111.5;0;1.4;350;64;[50-100[;2007;1;0;9;14;4;0.33;8;0;7;0;0;0;0;271;1.67E-12;0.798020271;3.279583416;2.14312314;1.779273173;1.46E-12;0.698267737;2.869635489;1.875232748;1.556864026
0456XXX3;20020000201;25/09/2007;ARCH-07-66;ARCH-66;1;ARCHES;2007;0;9;27;73;0;0.13;0.4;0;0.3271;0.06;2;1;2;1;2;1;2;0;2;15.5;52;2.46;127.92;0;1.3;370;66;[50-100[;2007;1;0;8;8;8;0.62;6;0;8;0;0;0;0;223;1.90E-15;0.255773171;2.091242423;1.887958958;1.765025448;2.53E-15;0.341030894;2.788323231;2.517278611;2.353367264
0456XXX5;20020000202;28/09/2007;ARZ-07-44;ARZ-44;1;ARZ;2007;0;9;100;0;0;0.15;0;0;0.15;1;2;1;1;0;2;1;1;0;2;0;13.7;8.76;120.012;0;3.5;470;44;<50;2007;1;0;6;6;6;0.83;5;0;6;0;0;0;0;39;0.000398051;3.004838463;1.119737814;0.554002328;0.321023344;0.000477661;3.605806155;1.343685377;0.664802794;0.385228013
0456XXX8;20020000203;28/09/2007;ARZ-07-47;ARZ-47;1;ARZ;2007;0;9;29;42;29;0.1;0.2;0.5;0.258;0.09;-;-;-;-;-;-;-;0;2;11;46.2;2.1;97.02;0;0.5;345;47;<50;2007;1;0;12;12;12;0.75;12;0;12;0;0;0;0;573;5.16E-06;2.440084439;3.53652147;2.671317569;3.352071364;5.16E-06;2.440084439;3.53652147;2.671317569;3.352071364
0456XXX9;20020000204;26/09/2007;MARZ-07-14;MARZ-13;1;MARZAN;2007;0;9;0;100;0;0;0.4;0;0.4;0.06;1;1;1;1;1;1;4;0;2;13.5;55;3.71;204.05;0;1.3;363;14;<50;2007;1;0;13;13;13;0.85;6;0;13;0;0;0;0;220;2.90E-08;0.582718896;1.706446181;1.996308659;1.714526235;6.28E-08;1.262557608;3.69730006;4.325335427;3.714806843
0456XX10;20020000238;26/09/2007;ARZA-07-4;ARZA-4;1;ARZAL;2007;0;9;77;23;0;0.1;0.32;0;0.1506;0;-;-;-;-;-;-;-;0;2;0;73.1;1.59;116.229;0;1;336;4;<50;2007;1;0;33;39;27;0.67;28;0;30;0;0;0;0;89;10.48736941;14.84683199;1.094742845;1.01533095;0.555724808;11.23646722;15.90731999;1.172938763;1.087854589;0.595419437
0456XX12;20020000205;27/09/2007;TREV-07-22;TREV-21;1;TREVELO;2007;0;9;18;82;0;0.1;0.13;0;0.1246;0.15;4;2;2;3;2;2;3;0;1;0;58.3;2.32;135.256;0;0.8;273;22;<50;2007;1;0;?;?;?;?;?;0;1;0;0;0;0;3;;;;;;0.000238768;0.875197366;0.049570155;0.048631506;0.026362205
0456XX13;20020000206;27/09/2007;TREVb-07-23;TREVb-22;1;TREVELO;2007;0;9;69;0;31;0.2;0;0.3;0.231;0.26;3;3;3;3;3;1;1;0;2;11.5;40.7;2.95;120.065;0;1.3;355;23;<50;2007;1;0;19;26;12;0.53;16;0;16;0;0;0;0;234;0.931866833;5.492641652;4.687854575;2.88218615;2.005450791;0.931866833;5.492641652;4.687854575;2.88218615;2.005450791
0456XX16;20020000207;27/09/2007;TREV-07-22;TREV-22;1;TREVELO;2007;0;9;61;39;0;0.16;0.3;0;0.2146;0.2;2;3;3;3;1;1;2;0;2;12.5;50.6;3.28;165.968;0;2;472;22;<50;2007;1;0;43;45;41;0.79;26;0;42;0;0;0;0;519;0.528519211;10.57844827;6.355003749;4.855727583;3.682301183;0.853761802;17.0882626;10.26577529;7.843867633;5.94833268
0435XXX1;20020000208;12/09/2007;ARONa-07-83;ARONa-82;1;ARON;2007;0;9;20;80;0;0.1;0.19;0;0.172;0.18;2;1;2;3;1;1;2;0;2;0;19.7;4.21;82.937;0;1.5;480;83;[50-100[;2007;1;0;36;45;27;0.58;43;0;31;0;0;0;0;2025;0.00033835;7.255358841;12.91514493;10.254701;12.57445688;0.000243927;5.230607537;9.310918434;7.392923977;9.065306125
0435XXX2;20020000209;12/09/2007;ARONb-07-83;ARONb-82;1;ARON;2007;0;9;37;46;17;0.1;0.12;0.3;0.1432;0.22;3;2;1;4;1;1;3;0;2;0;37;3.76;139.12;0;2.3;480;83;[50-100[;2007;1;0;29;42;16;0.45;21;0;22;0;0;0;0;545;0.084908909;7.151213971;6.120879691;4.093956482;3.549040947;0.08895219;7.49174797;6.412350152;4.288906791;3.718042897
0435XXX6;20020000210;13/09/2007;CANSb-07-66;CANSb-65;1;CANUTSUD;2007;0;9;68;32;0;0.1;0.15;0;0.116;0.72;2;1;1;3;1;2;2;0;2;13.1;26.8;3.75;100.5;0;1.9;485;66;[50-100[;2007;1;0;62;84;40;0.48;61;0;47;0;0;0;0;1338;0.017614374;20.25715645;18.26806955;12.45394316;10.00321647;0.013571731;15.60797301;14.07539785;9.59566112;7.707396295
0435XXX8;20020000211;12/09/2007;CANS-07-67;CANS-67;1;CANUTSUD;2007;0;9;37;63;0;0.1;0.23;0;0.1819;0.5;-;-;-;-;-;-;-;0;2;14.6;27.5;3.01;82.775;0;1.4;480;67;[50-100[;2007;1;0;35;38;32;0.8;42;0;34;0;0;0;0;947;6.45E-06;7.14402979;15.87261303;10.51506357;8.46828716;5.22E-06;5.783262211;12.84925816;8.512194322;6.855280082
0435XXX9;20020000218;24/09/2007;CHEVa-07-166;CHEVa-165;1;CHEVRE;2007;0;9;21;29;50;0.2;0.3;0.3;0.279;0.12;-;1;3;1;3;1;1;0;2;18;33.5;3.35;112.225;0;1.6;485;166;>=100;2007;1;0;27;27;27;0.89;24;0;27;0;0;0;0;7763;2.25E-33;0.005423433;1.250825984;3.239807567;19.50456524;2.53E-33;0.006101362;1.407179231;3.644783513;21.94263589
0435XX11;20020000214;24/09/2007;CHEV-07-164;CHEV-163;1;CHEVRE;2007;0;9;100;0;0;0.2;0;0;0.2;0.38;2;2;2;3;1;1;2;0;2;17.5;19.6;3.95;77.42;0;1.6;330;164;>=100;2007;1;0;4;4;4;1;5;0;4;0;0;0;0;1100;1.15E-64;4.08E-07;0.315334086;1.409984182;3.274681325;9.21E-65;3.26E-07;0.252267268;1.127987346;2.61974506
0435XX13;20020000215;13/09/2007;CANN-07-110;CANN-110;1;CANUTNORD;2007;0;9;66;34;0;0.1;0.25;0;0.151;0.11;3;3;2;3;2;1;2;0;1;0;33.1;6.16;203.896;0;0.8;480;110;>=100;2007;1;0;?;?;?;?;?;0;7;0;0;0;0;86;;;;;;5.07E-15;1.025265805;2.893217869;1.666196353;1.415319973
0435XX14;20020000217;13/09/2007;CANN-07-115;CANN-115;1;CANUTNORD;2007;0;9;36;64;0;0.15;0.2;0;0.182;0.34;2;2;2;3;1;1;3;0;2;0;16.4;4.15;68.06;0;2;475;115;>=100;2007;1;0;17;17;17;0.88;26;0;17;0;0;0;0;2473;7.89E-06;3.866441862;8.226086646;5.521871722;8.385591881;5.16E-06;2.52805814;5.378595115;3.610454588;5.482886999
0435XX16;20020000212;11/09/2007;CHEZa-07-136;CHEZa-135;1;CHEZE;2007;0;9;70;30;0;0.13;0.2;0;0.151;0.29;2;1;2;3;3;1;2;0;2;16.6;33.1;2.82;93.342;0;1.2;420;136;>=100;2007;1;0;46;56;36;0.61;49;0;40;0;0;0;0;2472;0.007724389;2.480444831;17.21695793;14.31086172;14.98401114;0.006305624;2.024852924;14.05465953;11.6823361;12.23184583
0435XX18;20020000213;11/09/2007;CHEZ-07-134;CHEZ-134;1;CHEZE;2007;0;9;0;100;0;0;0.2;0;0.2;0.07;-;2;2;2;2;1;1;0;2;0;31.8;4.15;131.97;0;2;465;134;>=100;2007;1;0;16;21;11;0.56;12;0;14;0;0;0;0;696;1.54E-21;0.127412251;3.443658921;3.695386594;4.733542234;1.79E-21;0.148647626;4.017602074;4.31128436;5.52246594
0456XXX1;20020000219;40077;ARCH-09-64;ARCH-64;1;ARCHES;2009;0;9;11;58;31;0.09;0.23;0.45;0.2828;0;1;2;1;2;1;1;2;0;2;13.9;46.7;2.39;111.613;0;0;0;64;[50-100[;2009;1;0;18;18;18;0.89;16;0;18;0;0;0;0;1222;1.60E-21;0.157404072;4.203810055;5.220838685;6.417947188;1.79E-21;0.177079581;4.729286312;5.873443521;7.220190586
0456XXX3;20020000220;40077;ARCH-09-66;ARCH-66;1;ARCHES;2009;0;9;17;83;0;0.07;0.21;0;0.1862;0.03;3;2;2;2;2;1;2;0;2;14.6;51;2.52;128.52;0;2.1;475;66;[50-100[;2009;1;0;15;20;10;0.53;12;0;13;0;0;0;0;553;3.86E-10;0.798642958;3.790838213;3.543845931;3.866672898;4.19E-10;0.865196538;4.106741397;3.839166426;4.188895639
0456XXX5;20020000221;40078;ARZ-09-44;ARZ-44;1;ARZ;2009;0;9;100;0;0;0.08;0;0;0.08;0;3;2;2;2;3;3;1;0;2;15.2;46.8;8.04;376.272;0;0;0;44;<50;2009;1;0;16;19;13;0.69;4;0;15;0;0;0;0;62;0.023846568;1.865848464;0.96344403;0.672175211;0.474685726;0.08942463;6.996931741;3.612915114;2.520657043;1.780071473
0456XXX8;20020000222;40078;ARZ-09-47;ARZ-47;1;ARZ;2009;0;9;18;58;24;0.21;0.19;0.38;0.2392;0.12;1;2;1;3;1;3;3;0;2;16.8;46.2;2.05;94.71;0;0.9;320;47;<50;2009;1;0;49;60;38;0.59;52;0;42;0;0;0;0;2203;0.007819891;9.17432577;16.10147155;13.09235564;13.62402715;0.006316066;7.410032352;13.00503472;10.57459494;11.00402193
0456XXX9;20020000223;40080;MARZ-09-14;MARZ-13;1;MARZAN;2009;0;9;0;100;0;0;0.34;0;0.34;0;3;2;1;1;3;1;3;0;2;15.1;47.5;3.46;164.35;0;1.1;330;14;<50;2009;1;0;12;12;12;0.83;7;0;12;0;0;0;0;223;3.08E-06;1.926021874;1.354752313;1.970472898;1.748749833;5.28E-06;3.301751784;2.322432536;3.377953539;2.997856857
0456XX10;20020000224;40080;ARZA-09-4;ARZA-4;1;ARZAL;2009;0;9;71;6;23;0.03;0.09;0.26;0.0865;0.09;-;-;-;-;-;-;-;0;2;16.4;70.5;1.35;95.175;0;0.5;320;4;<50;2009;1;0;31;40;22;0.55;32;0;26;0;0;0;0;51;20.3510414;10.55051099;0.254748634;0.546015124;0.297683852;16.53522113;8.572290182;0.206983266;0.443637289;0.241868129
0456XX12;20020000225;40079;TREV-09-22;TREV-21;1;TREVELO;2009;0;9;36;64;0;0.06;0.13;0;0.1048;0;4;2;3;4;4;2;3;0;2;13.2;64.4;2.21;142.324;0;0.5;330;22;<50;2009;1;0;5;?;?;?;?;0;5;0;0;0;0;52;;;;;;0.000238831;1.71669759;1.749862205;0.926202531;0.606998843
0456XX13;20020000226;40079;TREVb-09-23;TREVb-22;1;TREVELO;2009;0;9;21;20;59;0.09;0.22;0.35;0.2694;0;3;3;3;3;3;1;1;0;2;12.6;45.7;3.23;147.611;0;1.1;330;23;<50;2009;1;0;41;58;24;0.46;28;0;31;0;0;0;0;642;1.34326191;6.197985344;8.141416544;6.788421561;5.528914641;1.487182829;6.862055202;9.013711174;7.515752442;6.121298352
0456XX16;20020000227;40079;TREV-09-22;TREV-22;1;TREVELO;2009;0;9;36;50;14;0.1;0.2;0.35;0.185;0;3;4;2;3;2;2;3;0;2;13.9;51.6;2.9;149.64;0;1;325;22;<50;2009;1;0;38;52;24;0.5;25;0;30;0;0;0;0;597;1.403595129;12.01531035;3.237895102;4.320768081;4.02243134;1.684314155;14.41837242;3.885474122;5.184921697;4.826917608
0435XXX1;20020000228;40073;ARONa-09-83;ARONa-82;1;ARON;2009;0;9;14;86;0;0.06;0.16;0;0.146;0.1;4;1;2;2;1;1;2;0;2;14.9;26.5;3.95;104.675;0;0;0;83;[50-100[;2009;1;0;23;26;20;0.74;22;0;22;0;0;0;0;1513;3.15E-07;6.074910877;4.934132492;4.49454078;6.496415535;3.15E-07;6.074910877;4.934132492;4.49454078;6.496415535
0435XXX2;20020000229;40073;ARONb-09-83;ARONb-82;1;ARON;2009;0;9;27;53;20;0.06;0.1;0.22;0.1132;0.05;4;2;2;4;2;1;2;0;2;0;38;3.26;123.88;0;0;0;83;[50-100[;2009;1;0;47;49;45;0.81;38;0;46;0;0;0;0;1145;0.001003519;13.91469471;8.271254508;8.001873876;7.811173385;0.001214786;16.84410413;10.01257125;9.686478903;9.45563094
0435XXX6;20020000230;40071;CANSb-09-66;CANSb-65;1;CANUTSUD;2009;0;9;58;42;0;0.07;0.08;0;0.0742;0.46;-;-;-;-;-;-;-;0;2;14.2;27.7;3.11;86.147;0;2.1;480;66;[50-100[;2009;1;0;41;67;15;0.34;47;0;26;0;0;0;0;431;0.023247867;23.31219796;12.72535816;6.747809155;4.191386852;0.012860522;12.89610951;7.039559835;3.732830597;2.318639535
0435XXX8;20020000231;40071;CANS-09-67;CANS-67;1;CANUTSUD;2009;0;9;22;78;0;0.06;0.15;0;0.1302;0.15;3;1;1;3;1;1;3;0;2;0;26.6;2.55;67.83;0;1.6;470;67;[50-100[;2009;1;0;40;44;36;0.75;58;0;38;0;0;0;0;1425;0.000380373;9.173853123;21.3237087;15.36217492;12.13988288;0.00024921;6.010455494;13.9707057;10.06487323;7.953716369
0435XXX9;20020000232;40070;CHEVa-09-166;CHEVa-165;1;CHEVRE;2009;0;9;25;23;52;0.07;0.15;0.4;0.26;0;1;3;2;2;1;1;2;0;2;0;32.4;3.79;122.796;0;0;0;166;>=100;2009;1;0;8;8;8;1;7;0;8;0;0;0;0;2275;7.85E-22;0.064404914;0.977145299;0.988646494;4.971640792;8.97E-22;0.073605616;1.116737485;1.129881707;5.681875191
0435XX11;20020000233;40070;CHEV-09-164;CHEV-163;1;CHEVRE;2009;0;9;64;36;0;0.1;0.3;0;0.172;0.18;3;1;1;3;1;1;2;0;2;15.6;27.3;4.19;114.387;0;2;330;164;>=100;2009;1;0;13;13;13;0.92;11;0;13;0;0;0;0;1750;3.39E-38;0.000782282;1.411371875;3.07112707;6.51731108;4.01E-38;0.000924515;1.667984944;3.62951381;7.702276731
0435XX13;20020000234;40072;CANN-09-110;CANN-110;1;CANUTNORD;2009;0;9;0;100;0;0;0.13;0;0.13;0.13;4;1;2;2;1;1;1;0;2;13.7;24.6;4.95;121.77;0;2.3;485;110;>=100;2009;1;0;12;15;9;0.58;10;0;11;0;0;0;0;165;9.76E-18;0.830443237;5.253885251;2.391552923;1.524118589;1.07E-17;0.91348756;5.779273776;2.630708216;1.676530448
0435XX14;20020000235;40072;CANN-09-115;CANN-115;1;CANUTNORD;2009;0;9;0;100;0;0;0.11;0;0.11;0.13;3;2;1;2;1;2;1;0;2;14.8;32.2;3.3;106.26;0;1.6;480;115;>=100;2009;1;0;11;11;11;0.91;10;0;11;0;0;0;0;929;1.95E-18;0.153168231;2.79403577;2.903197393;4.149598606;2.15E-18;0.168485055;3.073439347;3.193517132;4.564558467
0435XX16;20020000236;40072;CHEZa-09-136;CHEZa-135;1;CHEZE;2009;0;9;23;77;0;0.1;0.11;0;0.1077;0.25;3;1;2;3;1;1;2;0;2;15.5;35.6;2.43;86.508;0;1.4;418;136;>=100;2009;1;0;33;57;9;0.3;38;0;20;0;0;0;0;1262;1.96E-05;5.973189465;10.77187568;11.26163987;9.993275376;1.03E-05;3.143783929;5.669408254;5.927178881;5.259618619
0435XX18;20020000237;40072;CHEZ-09-134;CHEZ-134;1;CHEZE;2009;0;9;0;100;0;0;0.15;0;0.15;0;4;1;2;1;2;1;1;0;2;15.1;31.1;3.83;119.113;0;1.4;430;134;>=100;2009;1;0;4;4;4;1;3;0;4;0;0;0;0;381;9.49E-34;0.002942912;1.091515242;0.748985795;1.156556051;1.27E-33;0.003923883;1.455353655;0.998647727;1.542074734
